,study_id,title,num_samples,extraction_center,modified_protocol,principal_investigator,email,institution,coauthors,doi,pmid_other,ebi_accession,publication_notes,alias,primer_version,primer_reference,pcr_primers,read_length_bp,study_ok,release1_study,release2_study,metadata_minimal,dense_sampling,units_status,comment_from_gail
0,550,Moving pictures of the human microbiome,1969,CCME-Boulder,yes - GAIIx,Rob Knight,"robknight@ucsd.edu, gregcaporaso@gmail.com",University of California San Diego,"J Gregory Caporaso, Christian L Lauber, Elizabeth K Costello, Donna Berg-Lyons, Antonio GonzalezJesse StombaughDan KnightsPawel GajerJacques RavelNoah FiererJeffrey I GordonRob Knight",10.1186/gb-2011-12-5-r50,PMID 21624126 has DOI,ERP021896,,caporaso_illumina_time_series,515F-806R (rev-barcoded),"Caporaso et al., 2011; Caporaso et al., 2012",FWD:GTGCCAGCMGCCGCGGTAA; REV:GGACTACHVGGGTWTCTAAT,132,True,True,True,False,daily timeseries of 2 subjects,"fine, no units necessary",surface/secretion
1,632,Canadian MetaMicroBiome Initiative samples,13,LBNL-Berkeley,no,Josh Neufeld,jneufeld@uwaterloo.ca,"University of Waterloo, Ontario, Canada","J. D. Neufeld , K. Engel , J. Cheng , G. Moreno-hagelsieb , D. R. Rose , T. C. Charles",10.4056/sigs.1974654,PMID 22180823 has DOI,ERP020023,,Canadian Metamicrobiome_16S,515F-806R (rev-barcoded),"Caporaso et al., 2011; Caporaso et al., 2012",FWD:GTGCCAGCMGCCGCGGTAA; REV:GGACTACHVGGGTWTCTAAT,100,True,True,True,False,no,no units,
2,638,Protist diversity in a permanently ice-covered Antarctic lake during the polar night transition,89,LBNL-Berkeley,no,Rachael M. Morgan-Kiss,morganr2@muohio.edu,"Miami University, Oxford OH","Scott Bielewicz1, Elanor Bell2, Weidong Kong1, Iddo Friedberg1, John C Priscu3 and Rachael M Morgan-Kiss1",10.1038/ismej.2011.23,Use DOI,ERP020508,,MorganKiss_Dry_Valley_lake_communities,515F-806R (rev-barcoded),"Caporaso et al., 2011; Caporaso et al., 2012",FWD:GTGCCAGCMGCCGCGGTAA; REV:GGACTACHVGGGTWTCTAAT,100,True,True,True,False,no,no units,
3,659,New Zealand Free Air CO2 Enrichment (FACE) soil samples,24,LBNL-Berkeley,no,Saman Bowatte,saman.bowatte@agresearch.co.nz,"Agricultural Research, New Zealand",(not citing coauthors of old studies),10.1016/j.soilbio.2013.03.014*,Use DOI,ERP017166,Old publication only - 10.1016/j.soilbio.2013.03.014,NZ FACE,515F-806R (rev-barcoded),"Caporaso et al., 2011; Caporaso et al., 2012",FWD:GTGCCAGCMGCCGCGGTAA; REV:GGACTACHVGGGTWTCTAAT,100,True,True,True,False,no,no units,"not soil, freshwater"
4,662,The role of macrobiota in structuring microbial communities along rocky shores,47,ANL-Chicago,no,Catherine Pfister,cpfister@uchicago.edu,"University of Chicago, IL","Catherine A. Pfister​, Jack A. Gilbert, Sean M. Gibbons",10.7717/peerj.631,PMID 25337459 has DOI,ERP020507,,Pfister_intertidal_microbes,515F-806R (rev-barcoded),"Caporaso et al., 2011; Caporaso et al., 2012",FWD:GTGCCAGCMGCCGCGGTAA; REV:GGACTACHVGGGTWTCTAAT,140,True,True,True,False,no,no units,
5,678,Bioturbating shrimp alter the structure and diversity of bacterial communities in coastal marine sediments,278,ANL-Chicago,no,Bonnie Laverock,b.laverock@gmail.com,"Plymouth Marine Laboratories, Plymouth, UK, currently University of Technology, Sydney, Australia","Laverock B1, Smith CJ, Tait K, Osborn AM, Widdicombe S, Gilbert JA.",10.1038/ismej.2010.86,Use DOI,ERP017221,,Bonnie OA,515F-806R (rev-barcoded),"Caporaso et al., 2011; Caporaso et al., 2012",FWD:GTGCCAGCMGCCGCGGTAA; REV:GGACTACHVGGGTWTCTAAT,143,True,True,True,False,no,no units,"experimental, sea water"
6,713,Diversity of carbonate deposits and basement rocks in continental and marine serpentinite seeps,51,ANL-Chicago,no,William Brazelton,william.brazelton@utah.edu,University of Utah,"Matthew Schrenk (Michigan State University), William J. Brazelton1,2*, Bridget Nelson1 and Matthew O. Schrenk 1",10.3389/fmicb.2011.00268,PMID 22232619 has DOI,ERP016412,,Sepentine_seeps,515F-806R (rev-barcoded),"Caporaso et al., 2011; Caporaso et al., 2012",FWD:GTGCCAGCMGCCGCGGTAA; REV:GGACTACHVGGGTWTCTAAT,151,True,True,True,False,no,no units,
7,714,A microbial clock provides an accurate estimate of the postmortem interval in a mouse model system,552,CCME-Boulder,no,Jessica Metcalf,"robknight@ucsd.edu, jessicalmetcalf@gmail.com",University of California San Diego,,10.7554/eLife.01104,Use DOI,ERP003931,,Mouse_Decomp_2011_16S,515F-806R (rev-barcoded),"Caporaso et al., 2011; Caporaso et al., 2012",FWD:GTGCCAGCMGCCGCGGTAA; REV:GGACTACHVGGGTWTCTAAT,,True,False,True,False,timeseries of soil,,This is the first decomp from 2011 (18S and 16S) is EMP.
8,722,Global patterns of 16S rRNA diversity at a depth of millions of sequences per sample (5PRIME),196,CCME-Boulder,no,Rob Knight,"robknight@ucsd.edu, gregcaporaso@gmail.com",University of California San Diego,"J. Gregory Caporaso, Christian L. Lauber, William A. Walters, Donna Berg-Lyons, Catherine A. Lozupone, Peter J. Turnbaugh, Noah Fierer, and Rob Knight",10.1073/pnas.1000080107,PMID 20534432 has DOI,ERP020884,,CaporasoIlluminaPNAS2011_5prime,515F-806R (rev-barcoded),"Caporaso et al., 2011; Caporaso et al., 2012",FWD:GTGCCAGCMGCCGCGGTAA; REV:GGACTACHVGGGTWTCTAAT,100,True,True,True,False,no,"no units, no metadata",surface/secretion
9,723,Catlin Arctic Survey 2010 L3,130,ANL-Chicago,no,Helen Findlay,hefi@pml.ac.uk,"Plymouth Marine Laboratories, Plymouth, UK",,10.3389/fmicb.2014.00490,Use DOI,ERP020022,Updated,Catlin Arctic Survey 2010 L3,515F-806R (rev-barcoded),"Caporaso et al., 2011; Caporaso et al., 2012",FWD:GTGCCAGCMGCCGCGGTAA; REV:GGACTACHVGGGTWTCTAAT,137,True,True,True,False,no,no units,
10,755,Replicating the microbial community and water quality performance of full-scale slow sand filters in laboratory-scale filters,1000,ANL-Chicago,no,Sarah Haig,sjhaig@umich.edu,University of Glasgow (currently UM),"Haig SJ1, Quince C2, Davies RL3, Dorea CC4, Collins G5.",10.1016/j.watres.2014.05.008,Use DOI,ERP020510,,Haig_water_purif spatial temporal,515F-806R (rev-barcoded),"Caporaso et al., 2011; Caporaso et al., 2012",FWD:GTGCCAGCMGCCGCGGTAA; REV:GGACTACHVGGGTWTCTAAT,150,True,True,True,False,"limited sample type, dense time and space series",no units,"filtered water and sand (unnatural environment), 1000 samples"
11,776,Bioremediation of hydrocarbon-contaminated soils from Maritime Antarctica,30,LBNL-Berkeley,no,Diogo Jurelevicius,diogoj@micro.ufrj.br,"Universidade Federal do Rio de Janeiro, Rio de Janeiro, Brazil","Janet Jansson (PNNL), Olivia Mason (Florida State University), Lucy Seldin (Universidade Federal do Rio de Janeiro)",Missing: Not provided,Missing: Not provided,ERP017438,No publication - confirmed,Jurelivicius_Antarctic_cleanup,515F-806R (rev-barcoded),"Caporaso et al., 2011; Caporaso et al., 2012",FWD:GTGCCAGCMGCCGCGGTAA; REV:GGACTACHVGGGTWTCTAAT,100,True,True,True,True,no,no units,no metadata
12,804,Biofilms on carbonate chimneys of the Lost City Hydrothermal Field on the Mid-Atlantic Ridge,96,ANL-Chicago,no,William Brazelton,william.brazelton@utah.edu,University of Utah,"William J. Brazeltona,1, Kristin A. Ludwiga,2, Mitchell L. Soginb, Ekaterina N. Andreishchevab, Deborah S. Kelleya, Chuan-Chou Shenc, R. Lawrence Edwardsd, and John A. Barossa",10.1073/pnas.0905369107,Use DOI,ERP016395,,Brazelton Lost City chimneys,515F-806R (rev-barcoded),"Caporaso et al., 2011; Caporaso et al., 2012",FWD:GTGCCAGCMGCCGCGGTAA; REV:GGACTACHVGGGTWTCTAAT,141,True,True,True,False,no,no units,
13,805,Exploring links between pH and bacterial community composition in soils from the Craibstone Experimental Farm,14,LBNL-Berkeley,no,Josh Neufeld,jneufeld@uwaterloo.ca,"University of Waterloo, Ontario, Canada","Andrea K. Bartram1, Xingpeng Jiang2,†, Michael D.J. Lynch1, Andre P. Masella1, Graeme W. Nicol3, Jonathan Dushoff2 andJosh D. Neufeld",10.1111/1574-6941.12231,Use DOI,ERP020539,,Craibstone pH plots,515F-806R (rev-barcoded),"Caporaso et al., 2011; Caporaso et al., 2012",FWD:GTGCCAGCMGCCGCGGTAA; REV:GGACTACHVGGGTWTCTAAT,100,True,True,True,False,no,no units,
14,807,Human and environmental impacts on river sediment microbial communities,44,ANL-Chicago,no,Jack Gilbert,sgibbons@mit.edu,"University of Chicago, IL, currently MIT","Sean M. Gibbons, Edwin Jones, Angelita Bearquiver, Frederick Blackwolf, Wayne Roundstone, Nicole Scott, Jeff Hooker, Robert Madsen, Maureen L. Coleman, Jack A. Gilbert",10.1371/journal.pone.0097435,PMID 24841417 has DOI,ERP016468,,Gibbons_Tongue_river_sediment,515F-806R (rev-barcoded),"Caporaso et al., 2011; Caporaso et al., 2012",FWD:GTGCCAGCMGCCGCGGTAA; REV:GGACTACHVGGGTWTCTAAT,151,True,True,True,False,no,no units,in-stream/pelagic sediment particles
15,808,NEON: Directions and resources for long-term monitoring in soil microbial ecology,15,LBNL-Berkeley,no,Jacob Parnell,jparnell@neoninc.org,National Ecological Observatory Network,"Rebecca Hufft Kao Cara M. Gibson, Rachel E. Gallery, Courtney L. Meier, David T. Barnett, Kathryn M. Docherty, Kali K. Blevins, Patrick D. Travers, Elena Azuaje, Yuri P. Springer, Katherine M. Thibault, Valerie J. McKenzie, Michael Keller, Luciana F. Alves, Eve-Lyn S. Hinckley, Jacob Parnell, David Schimel",10.1890/ES12-00196.1,Use DOI,ERP020590,,NEON soils EMP Pilot,515F-806R (rev-barcoded),"Caporaso et al., 2011; Caporaso et al., 2012",FWD:GTGCCAGCMGCCGCGGTAA; REV:GGACTACHVGGGTWTCTAAT,100,True,True,True,False,no,no units,
16,809,"Prokaryote populations of extant microbialites along a depth gradient in Pavilion Lake, British Columbia, Canada",21,ANL-Chicago,no,Jennifer Biddle,jfbiddle@udel.edu,"University of Delaware, Newark, DE","J. A. Russell, A. L. Brady, Z. Cardman, G. F. Slater, D. S. S. Lim, J. F. Biddle",10.1111/gbi.12082,Use DOI,ERP020021,,PLRP,515F-806R (rev-barcoded),"Caporaso et al., 2011; Caporaso et al., 2012",FWD:GTGCCAGCMGCCGCGGTAA; REV:GGACTACHVGGGTWTCTAAT,100,True,True,True,False,no,"no units, no metadata",
17,810,Biogeographical distribution and diversity of microbes in methane hydrate-bearing deep marine sediments on the Pacific Ocean Margin,7,ANL-Chicago,no,Jennifer Biddle,jfbiddle@udel.edu,"University of Delaware, Newark, DE",(not citing coauthors of old studies),10.1073/pnas.0511033103*,Use DOI,ERP020587,Old publication only - 10.1073/pnas.0511033103,Ocean drilling program leg 201,515F-806R (rev-barcoded),"Caporaso et al., 2011; Caporaso et al., 2012",FWD:GTGCCAGCMGCCGCGGTAA; REV:GGACTACHVGGGTWTCTAAT,100,True,True,True,True,no,"no units, no metadata",
18,829,"Microbial diversity in soil, sand dune and rock substrates of the Thar Monsoon Desert, India",2,LBNL-Berkeley,no,Subramanya Rao,"subbu36@gmail.com, steve.pointing@aut.ac.nz","The Hong Kong Polytechnic University, Hong Kong, Maharshi Dayanand Saraswati University, Ajmer, India, Auckland University of Technology, New Zealand",(not citing coauthors of old studies),10.1007/s12088-015-0549-1*,Use DOI,ERP020560,Old publication only - 10.1007/s12088-015-0549-1,Thar desert microbes subset of 454,515F-806R (rev-barcoded),"Caporaso et al., 2011; Caporaso et al., 2012",FWD:GTGCCAGCMGCCGCGGTAA; REV:GGACTACHVGGGTWTCTAAT,100,True,True,True,False,only 2 samples,no units,
19,846,Influence of tillage practices on soil microbial diversity and activity in a long-term corn experimental field under continuous maize production,48,LBNL-Berkeley,no,Stefano Mocali,stefano.mocali@crea.gov.it,"CREA, Florence, Italy",,Missing: Not provided,Missing: Not provided,ERP020589,No publication - confirmed,Tillage_impact_on_soil_quality,515F-806R (rev-barcoded),"Caporaso et al., 2011; Caporaso et al., 2012",FWD:GTGCCAGCMGCCGCGGTAA; REV:GGACTACHVGGGTWTCTAAT,100,True,True,True,False,no,no units,contacted Stefano
20,861,"Examination of microbial communities through a freshwater/saltwater transition zone in cenotes, Yucatan, Mexico",21,ANL-Chicago,no,Anni Moore,moorea@morningside.edu,"Morningside College, Sioux City, IA, USA","Melissa E. Lenczewski 1, Anni Moore 2, Bianca Pedersen3, Ryan M. Cumpston 1, and Eugene Perry 4",Missing: Not provided,Conference abstract: https://gsa.confex.com/gsa/2008AM/finalprogram/abstract_150265.htm,ERP017176,Emailed Anni,Moore_Yucatan_cenotes,515F-806R (rev-barcoded),"Caporaso et al., 2011; Caporaso et al., 2012",FWD:GTGCCAGCMGCCGCGGTAA; REV:GGACTACHVGGGTWTCTAAT,151,True,True,True,False,no,no units,
21,864,Soil bacterial diversity in the semi-arid steppe of Northern Mongolia,230,ANL-Chicago,no,Aurora MacRae-Crerar,aurorama@sas.upenn.edu,"University of Pennsylvania, Philadelphia, PA","Pierre Liancourt, Peter Petraitis, Bazartseren Boldgiv, Brenda Casper",Missing: Not provided,Missing: Not provided,ERP017220,No publication - confirmed,magnificent mongolian microbes,515F-806R (rev-barcoded),"Caporaso et al., 2011; Caporaso et al., 2012",FWD:GTGCCAGCMGCCGCGGTAA; REV:GGACTACHVGGGTWTCTAAT,151,True,True,True,False,no,some units,
22,865,Barn swallow microbiome 2011,24,CCME-Boulder,no,Rebecca Safran,rebecca.safran@colorado.edu,"University of Colorado - Boulder, CO","Levin II, Zonana DM, Fosdick BK, Song SJ, Safran RJ",10.1098/rsbl.2016.0352,PMID 27354713 has DOI,ERP017219,Study not in EMP paper,safran_barn_swallows_2011,515F-806R (rev-barcoded),"Caporaso et al., 2011; Caporaso et al., 2012",FWD:GTGCCAGCMGCCGCGGTAA; REV:GGACTACHVGGGTWTCTAAT,,True,False,False,False,no,"fine, no units necessary","16S, there is follow-up data"
23,889,Rees Vulcano Island Mediterranean Sea,8,ANL-Chicago,no,Andy Rees,apre@pml.ac.uk,"Plymouth Marine Laboratory, Plymouth, UK",Lisa Al-Moosawi,Missing: Not provided,Missing: Not provided,ERP017174,No publication - confirmed,Rees_Vulcano_island_MedSea,515F-806R (rev-barcoded),"Caporaso et al., 2011; Caporaso et al., 2012",FWD:GTGCCAGCMGCCGCGGTAA; REV:GGACTACHVGGGTWTCTAAT,151,True,True,True,False,no,no units,
24,894,Catchment sources of microbes,2015,ANL-Chicago,no,Robin Gasser,robinbg@unimelb.edu.au,University of Melbourne,,"10.1186/s13071-016-1607-1, 10.1016/j.watres.2012.12.027",Use DOI,ERP016405,Updated,Catchment_sources_of_microbes,515F-806R (rev-barcoded),"Caporaso et al., 2011; Caporaso et al., 2012",FWD:GTGCCAGCMGCCGCGGTAA; REV:GGACTACHVGGGTWTCTAAT,150,True,True,True,False,no,"fine, no units necessary",contacted Andy
25,895,Kilauea geothermal soils and biofilms,6,LBNL-Berkeley,no,Gary M. King,gkingme@gmail.com,Louisiana State University,,Missing: Not provided,Missing: Not provided,ERP020591,No publication - confirmed,Kilauea geothermal soils and biofilms,515F-806R (rev-barcoded),"Caporaso et al., 2011; Caporaso et al., 2012",FWD:GTGCCAGCMGCCGCGGTAA; REV:GGACTACHVGGGTWTCTAAT,151,True,True,True,False,no,"no units, no metadata",
26,905,Anaerobic ammonium-oxidizing bacteria in marine environments: widespread occurrence but low diversity,60,ANL-Chicago,no,Stefan Hulth,stefan.hulth@chem.gu.se,"University of Gothenburg, Sweden",Anders Karlsson and Roger Karlsson,10.1111/j.1462-2920.2007.01266.x*,Use DOI,ERP021691,Old publication only - 10.1111/j.1462-2920.2007.01266.x,Hulth Gullmarsfjorden sediments,515F-806R (rev-barcoded),"Caporaso et al., 2011; Caporaso et al., 2012",FWD:GTGCCAGCMGCCGCGGTAA; REV:GGACTACHVGGGTWTCTAAT,151,True,True,True,False,no,no units,
27,910,Biological oxygen demand optode analysis of coral reef-associated microbial communities exposed to algal exudates,59,ANL-Chicago,no,Forest Rohwer,frohwer@gmail.com,"San Diego State University, San Diego, CA","AK Gregg​1, M Hatay2, AF Haas1, NL Robinett1, K Barott3, MJA Vermeij4,5, KL Marhaver4,7, P Meirelles6, F Thompson6, F Rohwer",10.7717/peerj.107,Use DOI,ERP016416,,Barott_coralreef_benthos_virome,515F-806R (rev-barcoded),"Caporaso et al., 2011; Caporaso et al., 2012",FWD:GTGCCAGCMGCCGCGGTAA; REV:GGACTACHVGGGTWTCTAAT,151,True,True,True,False,no,"fine, no units necessary",
28,925,Yellowstone gradients,467,CCME-Boulder,no,Greg Caporaso,"robknight@ucsd.edu, gregcaporaso@gmail.com",University of California San Diego,Bharath Prithiviraj <bharath.prithiviraj@gmail.com>,Missing: Not provided,Missing: Not provided,ERP022167,No publication - confirmed,Caporaso_yellowstone_gradients,515F-806R (rev-barcoded),"Caporaso et al., 2011; Caporaso et al., 2012",FWD:GTGCCAGCMGCCGCGGTAA; REV:GGACTACHVGGGTWTCTAAT,90,True,True,True,False,spatial series OK,some units,
29,933,Latitudinal surveys of algal-associated microorganisms,339,ANL-Chicago,no,Torsten Thomas,t.thomas@unsw.edu.au,"Centre for Marine Bio-Innovation and School of Biological, Earth and Environmental Science, University of New South Wales, Sydney, 2052, Australia","Ezequiel M. Marzinelli, Alexandra H. Campbell, Peter D. Steinberg",10.1111/1462-2920.12972,Use DOI,ERP021699,,CMB_Australia_kelp,515F-806R (rev-barcoded),"Caporaso et al., 2011; Caporaso et al., 2012",FWD:GTGCCAGCMGCCGCGGTAA; REV:GGACTACHVGGGTWTCTAAT,100,True,True,True,False,no,"no units, no metadata",
30,940,Microbiota of freshwater fish slime and gut from catostomids in Colorado water system,288,CCME-Boulder,no,Se Jin Song,"robknight@ucsd.edu, sejsong@gmail.com",University of California San Diego,,Missing: Not provided,Missing: Not provided,ERP016495,No publication - confirmed,SongColoradoFish,515F-806R (rev-barcoded),"Caporaso et al., 2011; Caporaso et al., 2012",FWD:GTGCCAGCMGCCGCGGTAA; REV:GGACTACHVGGGTWTCTAAT,100,True,True,True,False,no,"fine, no units necessary",surface/secretion
31,945,Long-term seasonal development in selected lakes of northeast Germany,1147,ANL-Chicago,no,Hans-Peter Grossart,hgrossart@igb-berlin.de,"Leibniz Institute for Freshwater Ecology and Inland Fisheries (IGB), Dept. Experimental Limnology, Alte Fischerhuette 2, D-16775 Stechlin, Germany",,Missing: Not provided,Missing: Not provided,ERP022245,Emailed HP,"Grossart German Lake samples contacted, not published yet",515F-806R (rev-barcoded),"Caporaso et al., 2011; Caporaso et al., 2012",FWD:GTGCCAGCMGCCGCGGTAA; REV:GGACTACHVGGGTWTCTAAT,150,True,True,True,False,no,"no units, no metadata",
32,958,Saliva from obese individuals suppresses the release of aroma compounds from wine,56,LBNL-Berkeley,no,Danilo Ercolini,ercolini@unina.it,"Department of Agricultural Sciences, University of Naples Federico II, Naples, Italy","Danilo Ercolini, Paola Piombino, Jack A. Gilbert",10.1371/journal.pone.0085611,PMID 24465618 has DOI,ERP016748,,Ercolini_obese_saliva,515F-806R (rev-barcoded),"Caporaso et al., 2011; Caporaso et al., 2012",FWD:GTGCCAGCMGCCGCGGTAA; REV:GGACTACHVGGGTWTCTAAT,151,True,True,True,False,no,"fine, no units necessary",surface/secretion
33,963,Intergenerational lizard lounges do not explain variation in the gut microbiomes of green iguanas,100,CCME-Boulder,no,Beck Wehrle,bwehrle@uci.edu,California State University - Northridge,,Missing: Not provided,PhD thesis: http://hdl.handle.net/10211.2/3582,ERP016749,No publication - confirmed,Wehrle iguana hindgut,515F-806R (rev-barcoded),"Caporaso et al., 2011; Caporaso et al., 2012",FWD:GTGCCAGCMGCCGCGGTAA; REV:GGACTACHVGGGTWTCTAAT,100,True,True,True,False,no,"fine, no units necessary",
34,990,Spatial scale drives patterns in soil bacterial diversity,708,ANL-Chicago,no,Dionysios Antonopoulos,dion@anl.gov,Argonne National Laboratory,"Sarah L. O’Brien, Sean M. Gibbons, Sarah M. Owens, Jarrad Hampton-Marcell, Eric R. Johnston, Julie D. Jastrow, Jack A. Gilbert, Folker Meyer, Dionysios A. Antonopoulos",10.1111/1462-2920.13231,PMID 26914164 has DOI,ERP016752,,Fermilab spatial study,515F-806R (rev-barcoded),"Caporaso et al., 2011; Caporaso et al., 2012",FWD:GTGCCAGCMGCCGCGGTAA; REV:GGACTACHVGGGTWTCTAAT,151,True,True,True,False,yes,no units,comparison with EMP soils
35,1001,Understanding cultivar-specificity and soil determinants of the Cannabis microbiome,27,ANL-Chicago,no,Suzanne Kennedy,skennedy@mobio.com,MOBIO Labs,"Max E. Winston, Jarrad Hampton-Marcell, Iratxe Zarraonaindia, Sarah M. Owens, Corrie S. Moreau, Jack A. Gilbert, Josh Hartsel, Suzanne J. Kennedy, S. M. Gibbons",10.1371/journal.pone.0099641,PMID 24932479 has DOI,ERP016540,,Kennedy Cannabis soils,515F-806R (rev-barcoded),"Caporaso et al., 2011; Caporaso et al., 2012",FWD:GTGCCAGCMGCCGCGGTAA; REV:GGACTACHVGGGTWTCTAAT,151,True,True,True,False,no,no units,
36,1024,The soil microbiome influences grapevine-associated microbiota (MiSeq),349,ANL-Chicago,yes - deep sequencing for chloroplasts,Jack Gilbert,gilbertjack@gmail.com,Argonne National Laboratory,"Zarraonaindia I, Owens SM, Weisenhorn P, West K, Hampton-Marcell J, Lax S, Bokulich NA, Mills DA, Martin G, Taghavi S, van der Lelie D",10.1128/mBio.02527-14,Use DOI,ERP006348,,merlot microbiome,515F-806R (rev-barcoded),"Caporaso et al., 2011; Caporaso et al., 2012",FWD:GTGCCAGCMGCCGCGGTAA; REV:GGACTACHVGGGTWTCTAAT,151,True,True,True,False,no,fine,
37,1030,Impact of fire on active layer and permafrost microbial communities and metagenomes in an upland Alaskan boreal forest,150,LBNL-Berkeley,no,Janet Jansson,janet.jansson@pnnl.gov,Pacific Northwest National Laboratory,"Neslihan Taş1, Emmanuel Prestat1, Jack W McFarland2, Kimberley P Wickland3, Rob Knight4, Asmeret Asefaw Berhe5, Torre Jorgenson6, Mark P Waldrop2 and Janet K Jansson",10.1038/ismej.2014.36,PMID 24722629 has DOI,ERP016543,,Jansson_Alaskan_fire_chrono_Tanana,515F-806R (rev-barcoded),"Caporaso et al., 2011; Caporaso et al., 2012",FWD:GTGCCAGCMGCCGCGGTAA; REV:GGACTACHVGGGTWTCTAAT,100,True,True,True,True,spatial and time,"no units, no metadata",
38,1031,Myrold alder fir,12,LBNL-Berkeley,no,David Myrold,david.myrold@oregonstate.edu,"Oregon State University, Covallis, OR",(not citing coauthors of old studies),10.1007/s00248-010-9675-9*,PMID 20449582 has DOI,ERP016746,Old publication only - 10.1007/s00248-010-9675-9,Myrold_Alder_Fir,515F-806R (rev-barcoded),"Caporaso et al., 2011; Caporaso et al., 2012",FWD:GTGCCAGCMGCCGCGGTAA; REV:GGACTACHVGGGTWTCTAAT,100,True,True,True,False,no,fine,
39,1033,Matagenomic and metaproteomic analysis of hydrocarbon-contaminated Antarctic soils,43,LBNL-Berkeley,no,Diogo Jurelevicius,diogoj@micro.ufrj.br,"Universidade Federal do Rio de Janeiro, Rio de Janeiro, Brazil","Janet Jansson (PNNL), Olivia Mason (Florida State University), Lucy Seldin (Universidade Federal do Rio de Janeiro)",Missing: Not provided,Missing: Not provided,ERP016586,No publication - confirmed,Brazilian_Antarctic_cleanup_16S,515F-806R (rev-barcoded),"Caporaso et al., 2011; Caporaso et al., 2012",FWD:GTGCCAGCMGCCGCGGTAA; REV:GGACTACHVGGGTWTCTAAT,100,True,True,True,True,no,"no units, no metadata",
40,1034,Distinct microbial communities associated with buried soils in the Siberian tundra,90,ANL-Chicago,no,Antje Gittel,antjegittel80@gmail.com,"Aarhus University, Denmark","Antje Gittel1,2, Jiří Bárta3, Iva Kohoutová3, Robert Mikutta4, Sarah Owens5,6, Jack Gilbert5,7, Jörg Schnecker2,8, Birgit Wild2,8, Bjarte Hannisdal9, Joeran Maerz10, Nikolay Lashchinskiy11, Petr Čapek3, Hana Šantrůčková3, Norman Gentsch4, Olga Shibistova4,12, Georg Guggenberger4, Andreas Richter2,8, Vigdis L Torsvik1, Christa Schleper1,2,13 and Tim Urich2,13",10.1038/ismej.2013.219,Use DOI,ERP016735,,CRYOcarb arctic soils,515F-806R (rev-barcoded),"Caporaso et al., 2011; Caporaso et al., 2012",FWD:GTGCCAGCMGCCGCGGTAA; REV:GGACTACHVGGGTWTCTAAT,100,True,True,True,False,no,no units,
41,1035,The ecological dichotomy of ammonia-oxidizing archaea and bacteria in the hyper-arid soils of the Antarctic Dry Valleys (NZTABS),121,LBNL-Berkeley,no,Craig Cary,"caryc@waikato.ac.nz, eric.bottos@pnnl.gov","University of Waikato, Hamilton, New Zealand","Catarina M. Magalhães1*, Ana Machado2 , Béatrice Frank-Fahle3 , Charles K. Lee4 and S. Craig Cary4",10.3389/fmicb.2014.00515,Use DOI,ERP021864,,NZTABS,515F-806R (rev-barcoded),"Caporaso et al., 2011; Caporaso et al., 2012",FWD:GTGCCAGCMGCCGCGGTAA; REV:GGACTACHVGGGTWTCTAAT,100,True,True,True,False,no,no units,
42,1036,Microbial communities of the deep unfrozen: Do microbes in taliks increase permafrost carbon vulnerability?,68,ANL-Chicago,no,Jenni Hultman,janet.jansson@pnnl.gov,Pacific Northwest National Laboratory,(not citing coauthors of old studies),10.1038/ismej.2011.163*,Use DOI,ERP016588,Old publication only - 10.1038/ismej.2011.163,Geochemical landscapes,515F-806R (rev-barcoded),"Caporaso et al., 2011; Caporaso et al., 2012",FWD:GTGCCAGCMGCCGCGGTAA; REV:GGACTACHVGGGTWTCTAAT,100,True,True,True,False,no,no units,Check with Jenni Hultman
43,1037,Long-term soil productivity project,24,LBNL-Berkeley,no,Steven Hallam,shallam@mail.ubc.ca,"University of Brittish Columbia, Vancouver, BC, Canada",,Missing: Not provided,Missing: Not provided,ERP016587,Emailed Steven,Long Term Soil Productivity project,515F-806R (rev-barcoded),"Caporaso et al., 2011; Caporaso et al., 2012",FWD:GTGCCAGCMGCCGCGGTAA; REV:GGACTACHVGGGTWTCTAAT,100,True,True,True,True,no,"no units, no metadata",
44,1038,Myrold Oregon transect,21,LBNL-Berkeley,no,David Myrold,david.myrold@oregonstate.edu,"Oregon State University, Covallis OR",(not citing coauthors of old studies),10.1111/j.1758-2229.2011.00290.x*,PMID 23761362 has DOI,ERP016539,Old publication only - 10.1111/j.1758-2229.2011.00290.x,Myrold_Oregon_transect,515F-806R (rev-barcoded),"Caporaso et al., 2011; Caporaso et al., 2012",FWD:GTGCCAGCMGCCGCGGTAA; REV:GGACTACHVGGGTWTCTAAT,100,True,True,True,False,no,fine,
45,1039,Metagenomic analysis of Rio de Janeiro coastline,25,LBNL-Berkeley,no,Diogo Jurelevicius,diogoj@micro.ufrj.br,"Universidade Federal do Rio de Janeiro, Rio de Janeiro, Brazil","Janet Jansson (PNNL), Olivia Mason (Florida State University), Lucy Seldin (Universidade Federal do Rio de Janeiro)",Missing: Not provided,Missing: Not provided,ERP016734,No publication - confirmed,Rio de Janeiro Coastline,515F-806R (rev-barcoded),"Caporaso et al., 2011; Caporaso et al., 2012",FWD:GTGCCAGCMGCCGCGGTAA; REV:GGACTACHVGGGTWTCTAAT,100,True,True,True,True,no,"no units, no metadata",
46,1041,Great Lake microbiome,49,ANL-Chicago,no,Karl J. Rockne,krockne@uic.edu,University of Illinois - Chicago,,Missing: Not provided,Missing: Not provided,ERP016492,Emailed Karl,Great Lake Microbiome,515F-806R (rev-barcoded),"Caporaso et al., 2011; Caporaso et al., 2012",FWD:GTGCCAGCMGCCGCGGTAA; REV:GGACTACHVGGGTWTCTAAT,151,True,True,True,False,no,some units,
47,1043,Laboratory-directed research and development for biological carbon sequestration,56,LBNL-Berkeley,no,Janet Jansson,janet.jansson@pnnl.gov,Pacific Northwest National Laboratory,,Missing: Not provided,Missing: Not provided,ERP016592,Emailed Janet,LDRD_Biological_Carbon_Sequestration,515F-806R (rev-barcoded),"Caporaso et al., 2011; Caporaso et al., 2012",FWD:GTGCCAGCMGCCGCGGTAA; REV:GGACTACHVGGGTWTCTAAT,100,True,True,True,True,no,"no units, no metadata",
48,1056,Convergence of gut microbiomes in myrmecophagous mammals,93,CCME-Boulder,no,Frederic Delsuc,frederic.delsuc@umontpellier.fr,"Institut des Sciences de l'Evolution, CNRS, IRD, EPHE, Université de Montpellier, Montpellier, France","Frédéric Delsuc, Jessica L. Metcalf, Laura Wegener Parfrey, Se Jin Song, Antonio González, Rob Knight",10.1111/mec.12501,Use DOI,ERP003782,,Delsuc_ateaters,515F-806R (rev-barcoded),"Caporaso et al., 2011; Caporaso et al., 2012",FWD:GTGCCAGCMGCCGCGGTAA; REV:GGACTACHVGGGTWTCTAAT,151,True,True,True,False,no,"fine, no units necessary",
49,1064,Microbiome of honey bees from Puerto Rico,391,ANL-Chicago,no,MG Dominguez-Bello,mariadominguezbello@gmail.com,"New York University, New York, NY, University of Puerto Rico","Tugrul Girai, Yarira Ortiz, Selena Rodriguez",Missing: Not provided,Missing: Not provided,ERP016607,No publication - confirmed,Bee_Microbiome,515F-806R (rev-barcoded),"Caporaso et al., 2011; Caporaso et al., 2012",FWD:GTGCCAGCMGCCGCGGTAA; REV:GGACTACHVGGGTWTCTAAT,151,True,True,True,False,no,"fine, no units necessary",contacted more info
50,1098,Spatial and temporal variation in nest and egg bacteria of tree swallows in North America,1346,Cornell,yes - eggshell,Anna Forsman,amf226@cornell.edu,Cornell University,,Missing: Not provided,Missing: Not provided,ERP016851,Emailed Anna,Forsman_swallow_egg_bacteria,515F-806R (rev-barcoded),"Caporaso et al., 2011; Caporaso et al., 2012",FWD:GTGCCAGCMGCCGCGGTAA; REV:GGACTACHVGGGTWTCTAAT,,True,False,True,False,no,haven't checked,"Juanma and Gail have corrected the metadata and the study is in EBI, Qiita, and EMP_in_EBI."
51,1197,Deep sediments following Deepwater Horizon oil spill in Gulf of Mexico,106,LBNL-Berkeley,no,Janet Jansson,janet.jansson@pnnl.gov,Pacific Northwest National Laboratory,"Olivia U Mason1,2, Nicole M Scott3,4, Antonio Gonzalez5, Adam Robbins-Pianka6, Jacob Bælum2,7, Jeffrey Kimbrel2,8, Nicholas J Bouskill2, Emmanuel Prestat2, Sharon Borglin2, Dominique C Joyner2,9, Julian L Fortney2,9, Diogo Jurelevicius2,10, William T Stringfellow2,11, Lisa Alvarez-Cohen2,12, Terry C Hazen2,9,13, Rob Knight14,15, Jack A Gilbert3,4 and Janet K Jansson",10.1038/ismej.2013.254,Use DOI,ERP016581,,Gulf_oil_spill,515F-806R (rev-barcoded),"Caporaso et al., 2011; Caporaso et al., 2012",FWD:GTGCCAGCMGCCGCGGTAA; REV:GGACTACHVGGGTWTCTAAT,100,True,True,True,False,no,no units,
52,1198,Polluted polar coastal sediments,61,LBNL-Berkeley,no,Hebe Dionisi,hdionisi@cenpat.edu.ar,"CENPAT-CONICET, Argentina",Janet Jansson (PNNL),10.1007/s00248-017-1028-5,Use DOI,ERP016557,Updated,Polluted Polar Coastal Sediments,515F-806R (rev-barcoded),"Caporaso et al., 2011; Caporaso et al., 2012",FWD:GTGCCAGCMGCCGCGGTAA; REV:GGACTACHVGGGTWTCTAAT,100,True,True,True,True,no,"no units, no metadata",
53,1222,Ocean acidification shows negligible impacts on high-latitude bacterial community structure in coastal pelagic mesocosms,73,ANL-Chicago,no,Jack Gilbert,gilbertjack@gmail.com,Argonne National Laboratory,"Roy A-S, Gibbons, SM, Shunck H, Owens S, Caporaso JG, Sperling M, Nissimov, JI, Romac, S, Bittner L, Muhling M, Riebesell U, LaRoche J,",10.5194/bg-10-555-2013,Use DOI,ERP016464,,Bergen Ocean Acidification Mesocosms,515F-806R (rev-barcoded),"Caporaso et al., 2011; Caporaso et al., 2012",FWD:GTGCCAGCMGCCGCGGTAA; REV:GGACTACHVGGGTWTCTAAT,150,True,True,True,False,no,no units,
54,1235,Ocean acidification shows negligible impacts on high-latitude bacterial community structure in coastal pelagic mesocosms,268,ANL-Chicago,no,Julie LaRoche,julie.laroche@dal.ca,"Department of Biology, Dalhousie University, Halifax, NS, Canada",,10.5194/bg-10-555-2013,Use DOI,ERP016542,,EPOCA_Svalbard2010,515F-806R (rev-barcoded),"Caporaso et al., 2011; Caporaso et al., 2012",FWD:GTGCCAGCMGCCGCGGTAA; REV:GGACTACHVGGGTWTCTAAT,100,True,True,True,False,no,"no units, no metadata",
55,1240,Defining seasonal marine microbial community dynamics,156,ANL-Chicago,no,Carol Robinson,ktait@pml.ac.uk,"Plymouth Marine Laboratories, Plymouth, UK","Gilbert JA1, Steele JA, Caporaso JG, Steinbrück L, Reeder J, Temperton B, Huse S, McHardy AC, Knight R, Joint I, Somerfield P, Fuhrman JA, Field D.",10.1038/ismej.2011.107,Use DOI,ERP016541,,L4 Time series 2009 2010,515F-806R (rev-barcoded),"Caporaso et al., 2011; Caporaso et al., 2012",FWD:GTGCCAGCMGCCGCGGTAA; REV:GGACTACHVGGGTWTCTAAT,145,True,True,True,False,no,fine,
56,1242,"A decade of seasonal dynamics and co-occurrences within freshwater bacterioplankton communities from eutrophic Lake Mendota, WI, USA",96,ANL-Chicago,no,Katherine McMahon,trina.mcmahon@wisc.edu,"University of Wisconsin - Madison, Madison, WI","Emily L Kara1, Paul C Hanson2, Yu Hen Hu3, Luke Winslow2 and Katherine D McMahon",10.1038/ismej.2012.118,Use DOI,ERP016591,,Mendota Lake Eleven year timeseries,515F-806R (rev-barcoded),"Caporaso et al., 2011; Caporaso et al., 2012",FWD:GTGCCAGCMGCCGCGGTAA; REV:GGACTACHVGGGTWTCTAAT,100,True,True,True,True,no,some units,check with Luke
57,1288,Bacterial community spatial and temporal variation in a north temperate bog lake,1506,ANL-Chicago,no,Katherine McMahon,trina.mcmahon@wisc.edu,"University of Wisconsin - Madison, Madison, WI",,Missing: Not provided,http://digital.library.wisc.edu/1793/67913,ERP016854,Updated,Temperate Bog Lakes,515F-806R (rev-barcoded),"Caporaso et al., 2011; Caporaso et al., 2012",FWD:GTGCCAGCMGCCGCGGTAA; REV:GGACTACHVGGGTWTCTAAT,150,True,True,True,True,no,some units,check with Luke
58,1289,"Native exotic precipitation study in Temple, TX, USA",65,ANL-Chicago,no,Kirsten S. Hofmockel,khof@iastate.edu,Pacific Northwest National Laboratory,,Missing: Not provided,Missing: Not provided,ERP016852,Emailed Kirsten,Temple TX native exotic precip study,515F-806R (rev-barcoded),"Caporaso et al., 2011; Caporaso et al., 2012",FWD:GTGCCAGCMGCCGCGGTAA; REV:GGACTACHVGGGTWTCTAAT,131,True,True,True,False,no,"no units, no metadata",check with Luke
59,1453,The gut microbiota distinguishes GI-healthy and -unhealthy captive colobineprimates,318,CCME-Boulder,no,Rob Knight,"robknight@ucsd.edu, jessicalmetcalf@gmail.com",University of California San Diego,"Katherine R. Amatoa,∗ , Jessica L. Metcalf b,c , Se Jin Song b,c , Vanessa L. Hale d , Jonathan Claytone,f , Gail Ackermannb , Greg Humphrey b , Kefeng Niug,h , Duoying Cuii , Hongxia Zhaoj , Mark D. Schrenzel k , Chia L. Tanl , Rob Knight b , Josephine Braun",10.1016/j.gecco.2016.06.004,Use DOI,ERP016286,,Metcalf_SanDiegoZoo_folivorus_primate,515F-806R (rev-barcoded),"Caporaso et al., 2011; Caporaso et al., 2012",FWD:GTGCCAGCMGCCGCGGTAA; REV:GGACTACHVGGGTWTCTAAT,100,True,True,True,False,no,fine,both proximal and distal
60,1481,Whole-grain wheat consumption reduces inflammation in a randomized controlled trial on overweight and obese subjects with unhealthy dietary and lifestyle behaviors: role of polyphenols bound to cereal dietary fiber,96,LBNL-Berkeley,no,Danilo Ercolini,ercolini@unina.it,"Department of Agricultural Sciences, University of Naples Federico II, Naples, Italy","Danilo Ercolini, Paola Vitaglione, Vincenzo Fogliano, Sean M. Gibbons, Jack A. Gilbert",10.3945/ajcn.114.088120,Use DOI,ERP016451,,Ercolini_Whole_Grain_feces,515F-806R (rev-barcoded),"Caporaso et al., 2011; Caporaso et al., 2012",FWD:GTGCCAGCMGCCGCGGTAA; REV:GGACTACHVGGGTWTCTAAT,151,True,True,True,False,no,fine,
61,1521,Samples presented at EMP conference June 2011 Shenzhen,750,CCME-Boulder,no,Rob Knight,"robknight@ucsd.edu, gail.ackermann50@gmail.com",University of California San Diego,,Missing: Not provided,Missing: Not provided,ERP023684,No publication - confirmed,Shenzhen,515F-806R (rev-barcoded),"Caporaso et al., 2011; Caporaso et al., 2012",FWD:GTGCCAGCMGCCGCGGTAA; REV:GGACTACHVGGGTWTCTAAT,90,True,True,True,True,no,some units,"needs separating by sample type, metadata"
62,1526,Recovery of biological soil crust-like microbial communities in previously submerged soils of Glen Canyon,95,CCME-Boulder,no,Greg Caporaso,gregcaporaso@gmail.com,"Northern Arizona University, Flagstff, AZ",Nicholas A. Bokulich,Missing: Not provided,in prep,ERP016869,Emailed Greg & Nick,Glen canyon soils,515F-806R (rev-barcoded),"Caporaso et al., 2011; Caporaso et al., 2012",FWD:GTGCCAGCMGCCGCGGTAA; REV:GGACTACHVGGGTWTCTAAT,101,True,True,True,True,no,"no units, no metadata",
63,1578,Changes in microbial communities along redox gradients in polygonized Arctic wet tundra soils,35,LBNL-Berkeley,no,David Lipson,dlipson@mail.sdsu.edu,"San Diego State University, San Diego, CA","David A. Lipson, Theodore K. Raab, Melanie Parker, Scott T. Kelley, Colin J. Brislawn, Janet Jansson",10.1111/1758-2229.12301,Use DOI,ERP010098,,Ice Wedge Polygon,515F-806R (rev-barcoded),"Caporaso et al., 2011; Caporaso et al., 2012",FWD:GTGCCAGCMGCCGCGGTAA; REV:GGACTACHVGGGTWTCTAAT,100,True,True,True,False,no,"no units, no metadata",spatial
64,1579,Hawaii Kohala volcanic soils,128,LBNL-Berkeley,no,Eric Dubinsky,eadubinsky@lbl.gov,Lawrence Berkeley National Laboratory,,Missing: Not provided,https://trace.ddbj.nig.ac.jp/DRASearch/study?acc=ERP016869,ERP016879,No publication - confirmed,Dubinsky_Hawaii_Kohala,515F-806R (rev-barcoded),"Caporaso et al., 2011; Caporaso et al., 2012",FWD:GTGCCAGCMGCCGCGGTAA; REV:GGACTACHVGGGTWTCTAAT,100,True,True,True,False,no,some units,spatial
65,1580,Halophilic communities as a source for novel lignocellulolytic enzymes,26,LBNL-Berkeley,no,Janet Jansson,janet.jansson@pnnl.gov,Pacific Northwest National Laboratory,,Missing: Not provided,Missing: Not provided,ERP016883,Emailed Janet,Ballor_saline_environments,515F-806R (rev-barcoded),"Caporaso et al., 2011; Caporaso et al., 2012",FWD:GTGCCAGCMGCCGCGGTAA; REV:GGACTACHVGGGTWTCTAAT,100,True,True,True,False,no,some units,
66,1621,Resistance and adaptation to the antibiotic monensin by the anaerobic digestion microbiome,192,CCME-Boulder,no,Largus T. Angenent,"l.angenent@uni-tuebingen.de, cms446@cornell.edu","Cornell University, SUNY Cortland, University of Tübingen","Spirito, CM, Daly SE, Werner JJ, Angenent LT (all-Cornell, Werner-SUNY Cortland, Angenent-Tübingen)",Missing: Not provided,submitted,ERP016466,No publication - confirmed,Spirito_Monensin_Cow_Hindgut,515F-806R (rev-barcoded),"Caporaso et al., 2011; Caporaso et al., 2012",FWD:GTGCCAGCMGCCGCGGTAA; REV:GGACTACHVGGGTWTCTAAT,100,True,True,True,False,no,fine,
67,1622,Biodiversity and functional patterns of microbial assemblages in relation to land-use change in postglacial pond sediment profiles,353,LBNL-Berkeley,no,Alison Berry,amberry@ucdavis.edu,"University of California - Davis, Davis CA","Isaac Gifford, David Foster, Wyatt Oswald",Missing: Not provided,Missing: Not provided,ERP016496,No publication - confirmed,Berry_pondsediment_1,515F-806R (rev-barcoded),"Caporaso et al., 2011; Caporaso et al., 2012",FWD:GTGCCAGCMGCCGCGGTAA; REV:GGACTACHVGGGTWTCTAAT,100,True,True,True,False,no,some units,
68,1627,Geographic distance and pH drive bacterial distribution in alkaline lake sediments across Tibetan Plateau,18,LBNL-Berkeley,no,Haiyan Chu,hychu@issas.ac.cn,"Institute of soil sciences, Chinese Academy of Science","Jinbo Xiong, Yongqin Liu, Xiangui Lin, Huayong Zhang, Jun Zeng, Juzhi Hou, Yongping Yang, Tandong Yao, Rob Knight, Haiyan Chu",10.1111/j.1462-2920.2012.02799.x,Use DOI,ERP016880,,Chu Tibetan Plateau lake sediments,515F-806R (rev-barcoded),"Caporaso et al., 2011; Caporaso et al., 2012",FWD:GTGCCAGCMGCCGCGGTAA; REV:GGACTACHVGGGTWTCTAAT,100,True,True,True,False,no,fine,
69,1632,Bird eggshells from Spain,609,CCME-Boulder,no,Juan M. Peralta-Sanchez,"robknight@ucsd.edu, jmps@ugr.es","University of Granada, Spain, UCSD","Antonio M. Martín-Platero, Manuel Martínez-Bueno (both at Department of Microbiology, University of Granada, Spain), Juan Diego Ibañez-Álamo (Department of Zoology, University of Granada, Spain)",10.1111/j.1474-919X.2012.01256.x*,Use DOI,ERP016455,Old publication only - 10.1111/j.1474-919X.2012.01256.x,Bird Egg Shells from Spain,515F-806R (rev-barcoded),"Caporaso et al., 2011; Caporaso et al., 2012",FWD:GTGCCAGCMGCCGCGGTAA; REV:GGACTACHVGGGTWTCTAAT,100,True,True,True,True,no,"fine, no units necessary",same sample type
70,1642,Microbial community of the bulk soil and rhizosphere of rice plants over its lifecycle,646,NIG-Japan,no,Jose Clemente,"robknight@ucsd.edu, jose.clemente@gmail.com",University of California San Diego,,Missing: Not provided,Missing: Not provided,ERP016900,Emailed Jose Clemente,Microbial community of the bulk soil and rhizosphere of rice plants over its lifecycle,515F-806R (rev-barcoded),"Caporaso et al., 2011; Caporaso et al., 2012",FWD:GTGCCAGCMGCCGCGGTAA; REV:GGACTACHVGGGTWTCTAAT,100,True,True,True,True,no,"no units, no metadata",
71,1665,Co-diversification of marine mammals and their skin microbiomes,192,CCME-Boulder,no,Amy Apprill,aapprill@whoi.edu,"Woods Hole Oceanographic Institution, Woods Hole, MA","Jooke Robbins, A. Murat Eren, Adam A. Pack, Julie Reveillaud, David Mattila, Michael Moore, Misty Niemeyer, Kathleen M. T. Moore, Tracy J. Mincer",10.1371/journal.pone.0090785*,Use DOI,ERP016924,Old publication only - 10.1371/journal.pone.0090785,Marine mammal skin microbiomes,515F-806R (rev-barcoded),"Caporaso et al., 2011; Caporaso et al., 2012",FWD:GTGCCAGCMGCCGCGGTAA; REV:GGACTACHVGGGTWTCTAAT,100,True,True,True,False,no,"fine, no units necessary",? Surface
72,1673,Mission Bay sediment viromes,26,ANL-Chicago,no,Forest Rohwer,frohwer@gmail.com,"San Diego State University, San Diego, CA",,Missing: Not provided,Missing: Not provided,ERP016923,Emailed Forest,Mission Bay Sediment Viromes,515F-806R (rev-barcoded),"Caporaso et al., 2011; Caporaso et al., 2012",FWD:GTGCCAGCMGCCGCGGTAA; REV:GGACTACHVGGGTWTCTAAT,151,True,True,True,True,no,"no units, no metadata",
73,1674,Urban stress is associated with variation in microbial species composition--but not richness--in Manhattan,152,ANL-Chicago,no,Krista McGuire,kmcguire@uoregon.edu,"University of Oregon, Eugene, OR, USA","Aspen T Reese1,2, Amy Savage3, Elsa Youngsteadt4, Krista L McGuire5,6, Adam Koling7, Olivia Watkins5, Steven D Frank4 and Robert R Dunn",10.1038/ismej.2015.152,Use DOI,ERP016925,,Green roofs as biodiversity corridors in New York City,515F-806R (rev-barcoded),"Caporaso et al., 2011; Caporaso et al., 2012",FWD:GTGCCAGCMGCCGCGGTAA; REV:GGACTACHVGGGTWTCTAAT,151,True,True,True,False,no,fine,
74,1692,Friedman Alaska peat soils,92,ANL-Chicago,no,Largus T. Angenent,"l.angenent@uni-tuebingen.de, elliotf@mail.med.upenn.edu","Cornell University, San Diego State University, University of Tübingen","Friedman ES, Miller KE, Lipson DA, Angenent LT (Friedman and Angenent-Cornell, Miller and Lipson-SDSU, Angenent-Tübingen)",10.3390/min3030318,Use DOI,ERP016927,,Friedman_alaska_peat_soils,515F-806R (rev-barcoded),"Caporaso et al., 2011; Caporaso et al., 2012",FWD:GTGCCAGCMGCCGCGGTAA; REV:GGACTACHVGGGTWTCTAAT,100,True,True,True,False,no,some units,? Surface
75,1694,Starling eggshells from Spain,577,CCME-Boulder,yes - egg shell,Juan M. Peralta-Sanchez,jmps@ugr.es,"University of Granada, Spain","Juan J. Soler (EEZA-CSIC, Spain), Manuel Martín-Vivaldi (Department of Zoology, University of Granada, Spain)",Missing: Not provided,Missing: Not provided,ERP016469,No publication - confirmed,Peralta_Starlings,515F-806R (rev-barcoded),"Caporaso et al., 2011; Caporaso et al., 2012",FWD:GTGCCAGCMGCCGCGGTAA; REV:GGACTACHVGGGTWTCTAAT,100,True,True,True,True,no,fine,same sample type
76,1696,Gut microbiota and health in wild and captive colobine primates,172,CCME-Boulder,yes - FOBT cards,Vanessa Hale,vreynolds@gmail.com,"Mayo Clinic, Rochester, MN","Chia L. Tan, Rob Knight, Katherine R. Amato, Kefeng Niu, Yeqin Yang, Duoying Cui, Hongxia Zhao, Qikun Zhang, Jessica Metcalf, Se Jin Song, Jonathan Claytone, Gail Ackermannb, Greg Humphrey, Mark D. Schrenzel, Josephine Braun","10.1016/j.gecco.2016.06.004,10.1016/j.mimet.2015.03.021",Use DOI,ERP016329,,Comparison of gut flora foliverous primates,515F-806R (rev-barcoded),"Caporaso et al., 2011; Caporaso et al., 2012",FWD:GTGCCAGCMGCCGCGGTAA; REV:GGACTACHVGGGTWTCTAAT,100,True,True,True,False,no,"fine, no units necessary",
77,1702,Chu Changbai mountain soil,22,LBNL-Berkeley,no,Haiyan Chu,hychu@issas.ac.cn,"Institute of soil sciences, Chinese Academy of Science","Congcong Shen, Wenju Liang, Yu Shi, Yingying Ni",10.1016/j.soilbio.2012.07.013,Use DOI,ERP016926,,Chu_Changbai_mountain_soil,515F-806R (rev-barcoded),"Caporaso et al., 2011; Caporaso et al., 2012",FWD:GTGCCAGCMGCCGCGGTAA; REV:GGACTACHVGGGTWTCTAAT,100,True,True,True,False,no,fine,
78,1711,"Agricultural intensification and the functional capacity of soil microbes on smallholder African farms (Kakamenga, Kenya)",78,Barnard,no,Krista McGuire,kmcguire@uoregon.edu,"University of Oregon, Eugene, OR, USA","Stephen A. Wood, Mark A. Bradford, Jack A. Gilbert, Krista L. McGuire, Cheryl A. Palm, Katherine L. Tully, Jizhong Zhou, Shahid Naeem",10.1111/1365-2664.12416,Use DOI,ERP021540,,McGuire_kakamenga_soils,515F-806R (rev-barcoded),"Caporaso et al., 2011; Caporaso et al., 2012",FWD:GTGCCAGCMGCCGCGGTAA; REV:GGACTACHVGGGTWTCTAAT,151,True,True,True,False,no,some units,send to EBI
79,1713,Malaysia Lambir soils,36,Barnard,no,Krista McGuire,kmcguire@uoregon.edu,"University of Oregon, Eugene, OR, USA",Benjamin L Turner,Missing: Not provided,Missing: Not provided,ERP021541,Emailed Krista,Malaysia Lambir Soils,515F-806R (rev-barcoded),"Caporaso et al., 2011; Caporaso et al., 2012",FWD:GTGCCAGCMGCCGCGGTAA; REV:GGACTACHVGGGTWTCTAAT,151,True,True,True,False,no,fine,send to EBI
80,1714,Responses of soil fungi to logging and oil palm agriculture in southeast asian tropical forests,26,Barnard,no,Krista McGuire,kmcguire@uoregon.edu,"University of Oregon, Eugene, OR, USA",K. L. McGuireEmail authorH. D’AngeloF. Q. BrearleyS. M. GedallovichN. BabarN. YangC. M. GillikinR. GradovilleC. BatemanB. L. TurnerP. MansorJ. W. LeffN. Fierer,10.1007/s00248-014-0468-4,Use DOI,ERP021542,,Malaysia Pasoh Landuse Logged Forest,515F-806R (rev-barcoded),"Caporaso et al., 2011; Caporaso et al., 2012",FWD:GTGCCAGCMGCCGCGGTAA; REV:GGACTACHVGGGTWTCTAAT,151,True,True,True,False,no,fine,send to EBI
81,1715,McGuire Nicaragua coffee soil,63,Barnard,no,Krista McGuire,kmcguire@uoregon.edu,"University of Oregon, Eugene, OR, USA",Stephanie D. Jurburg,Missing: Not provided,Missing: Not provided,ERP021543,Emailed Krista,McGuire_Nicaragua_soil,515F-806R (rev-barcoded),"Caporaso et al., 2011; Caporaso et al., 2012",FWD:GTGCCAGCMGCCGCGGTAA; REV:GGACTACHVGGGTWTCTAAT,151,True,True,True,False,no,fine,send to EBI
82,1716,Panama soil precipitation gradient,43,Barnard,no,Krista McGuire,kmcguire@uoregon.edu,"University of Oregon, Eugene, OR, USA",Krista L. McGuire1 Noah Fierer2 Carling Bateman1 Kathleen K. Treseder3 Benjamin L. Turner,10.1007/s00248-011-9973-x*,PMID 22080256 has DOI,ERP021544,Old publication only - 10.1007/s00248-011-9973-x,Panama Precip Grad Soil,515F-806R (rev-barcoded),"Caporaso et al., 2011; Caporaso et al., 2012",FWD:GTGCCAGCMGCCGCGGTAA; REV:GGACTACHVGGGTWTCTAAT,151,True,True,True,False,no,some units,send to EBI
83,1717,Agricultural intensification and the functional capacity of soil microbes on smallholder African farms (Southwestern Kenya),56,Barnard,no,Krista McGuire,kmcguire@uoregon.edu,"University of Oregon, Eugene, OR, USA","Stephen A. Wood, Mark A. Bradford, Jack A. Gilbert, Krista L. McGuire, Cheryl A. Palm, Katherine L. Tully, Jizhong Zhou, Shahid Naeem",10.1111/1365-2664.12416,Use DOI,ERP021545,Updated,SWKenya_soils,515F-806R (rev-barcoded),"Caporaso et al., 2011; Caporaso et al., 2012",FWD:GTGCCAGCMGCCGCGGTAA; REV:GGACTACHVGGGTWTCTAAT,151,True,True,True,False,no,some units,send to EBI
84,1721,Comparative analysis of the microbial communities in agricultural soil amended with enhanced biochars or traditional fertilisers,295,ANL-Chicago,no,Torsten Thomas,t.thomas@unsw.edu.au,"Centre for Marine Bio-Innovation and School of Biological, Earth and Environmental Science, University of New South Wales, Sydney, 2052, Australia",,10.1016/j.agee.2014.04.006,Use DOI,ERP016937,Updated,Thomas soil agricultural enhancement,515F-806R (rev-barcoded),"Caporaso et al., 2011; Caporaso et al., 2012",FWD:GTGCCAGCMGCCGCGGTAA; REV:GGACTACHVGGGTWTCTAAT,138,True,True,True,False,no,fine,send to EBI
85,1734,Gut microbiota of phyllostomid bats that span a breadth of diets,96,CCME-Boulder,no,Liliana Davalos,lmdavalos@gmail.com,"Stony Brook University, New York, NY, USA",,Missing: Not provided,Missing: Not provided,ERP016131,No publication - confirmed,Davalos Dumont bats,515F-806R (rev-barcoded),"Caporaso et al., 2011; Caporaso et al., 2012",FWD:GTGCCAGCMGCCGCGGTAA; REV:GGACTACHVGGGTWTCTAAT,100,True,True,True,False,no,"fine, no units necessary",
86,1736,African buffalo gut microbiome,642,CCME-Boulder,no,Vanessa Ezenwa,vezenwa@uga.edu,"Department of Infectious Diseases, College of Veterinary Medicine, Univeristy of Georgia, Athens GA",Kelly Lane-deGraaf,Missing: Not provided,Missing: Not provided,ERP016483,Emailed Vanessa,Ezenwa_Cape_Buffalo,515F-806R (rev-barcoded),"Caporaso et al., 2011; Caporaso et al., 2012",FWD:GTGCCAGCMGCCGCGGTAA; REV:GGACTACHVGGGTWTCTAAT,100,True,True,True,False,no,"fine, no units necessary",
87,1747,The oral and skin microbiomes of captive Komodo Dragons are significantly shared with their habitat,215,CCME-Boulder,no,Rob Knight,"robknight@ucsd.edu, embrietterose@gmail.com",University of California San Diego,"Jose Navas Molina, Se Jin Song, Jordan Keuneman, Gail Ackermann, Cesar Cardona, Greg Humphrey, Don Boyer, Tom Weaver, Joseph R. Mendelson III, Valerie McKenzie, Jack Gilbert",10.1128/mSystems.00046-16,Use DOI,ERP016252,,Komodo dragons,515F-806R (rev-barcoded),"Caporaso et al., 2011; Caporaso et al., 2012",FWD:GTGCCAGCMGCCGCGGTAA; REV:GGACTACHVGGGTWTCTAAT,151,True,True,True,False,no,"fine, no units necessary",
88,1748,Skin biogeography comparison,288,CCME-Boulder,no,Juan M. Peralta-Sanchez,jmps@ugr.es,University of Granada,,Missing: Not provided,Missing: Not provided,ERP022166,No publication - confirmed,knight_comp_biogeography,515F-806R (rev-barcoded),"Caporaso et al., 2011; Caporaso et al., 2012",FWD:GTGCCAGCMGCCGCGGTAA; REV:GGACTACHVGGGTWTCTAAT,100,True,True,True,False,no,"fine, no units necessary",
89,1773,"Characterization of bird gut microbiome - gizzard, upper intestine, lower intestine from birds in Venezuela",124,ANL-Chicago,no,Maria Alexandra Garcia-Amado,magarciamado@gmail.com,"Instituto Venezolano de Investigaciones Cientificas (IVIC), Venezuela. New York University, New York, NY","MG Dominguez-Bello, Shin Hackdong,Virginia Sanz, Miguel Lentino, L. Margarita Martínez, Mónica Contreras, Fabian Michelangeli",Missing: Not provided,Missing: Not provided,ERP016414,No publication - confirmed,Garcia_bird_gutmicrobiome,515F-806R (rev-barcoded),"Caporaso et al., 2011; Caporaso et al., 2012",FWD:GTGCCAGCMGCCGCGGTAA; REV:GGACTACHVGGGTWTCTAAT,141,True,True,True,False,no,"fine, no units necessary",distal and proximal gut
90,1774,Puerto Rico and Plantanal samples for the western acculturation project,768,CCME-Boulder,no,MG Dominguez-Bello,mariadominguezbello@gmail.com,"New York University, New York, NY, University of Puerto Rico","Daniela Vargas, Liza Garcia, Magda Magris, Monica Contreras, Selena Marie Rodriguez, Glida Hidalgo, Monica Contreras, Jack Gilbert, Rob Knight",Missing: Not provided,Missing: Not provided,ERP016472,No publication - confirmed,PPR_cohort,515F-806R (rev-barcoded),"Caporaso et al., 2011; Caporaso et al., 2012",FWD:GTGCCAGCMGCCGCGGTAA; REV:GGACTACHVGGGTWTCTAAT,100,True,True,True,False,no,"fine, no units necessary",
91,1795,Samples from CU-Boulder IQ Biology class,96,CCME-Boulder,no,Rob Knight,"robknight@ucsd.edu, josenavasmolina@gmail.com",University of California San Diego,"Navas-Molina JA1, Peralta-Sánchez JM, González A, McMurdie PJ, Vázquez-Baeza Y, Xu Z, Ursell LK, Lauber C, Zhou H, Song SJ, Huntley J, Ackermann GL, Berg-Lyons D, Holmes S, Caporaso JG, Knight R.",10.1016/B978-0-12-407863-5.00019-8,Use DOI,ERP016747,,Knight_IQBIO_2013,515F-806R (rev-barcoded),"Caporaso et al., 2011; Caporaso et al., 2012",FWD:GTGCCAGCMGCCGCGGTAA; REV:GGACTACHVGGGTWTCTAAT,,True,False,False,False,no,"fine, no units necessary",lab mice and contamination
92,1799,Dominguez sleep-deprived flies,156,ANL-Chicago,no,MG Dominguez-Bello,mariadominguezbello@gmail.com,"New York University, New York, NY","Jose Agosto Rivera, Yadira Ortiz, Jack Gilbert",Missing: Not provided,Missing: Not provided,ERP023686,No publication - confirmed,Dominguez_sleep_deprived_flies,515F-806R (rev-barcoded),"Caporaso et al., 2011; Caporaso et al., 2012",FWD:GTGCCAGCMGCCGCGGTAA; REV:GGACTACHVGGGTWTCTAAT,151,False,True,False,True,no,omit,"omit, contaminant"
93,1883,Microbial diversity in arctic freshwaters is structured by inoculation of microbes from soils,3315,ANL-Chicago,no,Byron Crump,bcrump@coas.oregonstate.edu,"Earth, Ocean & Atmospheric Sciences, Oregon State University, Corvallis, OR","Byron C Crump1, Linda A Amaral-Zettler2,3 and George W Kling",10.1038/ismej.2012.9,Use DOI,ERP017459,,Crump_Arctic_LTREB_main,515F-806R (rev-barcoded),"Caporaso et al., 2011; Caporaso et al., 2012",FWD:GTGCCAGCMGCCGCGGTAA; REV:GGACTACHVGGGTWTCTAAT,138,True,True,True,False,yes,no units,?too many similar samples
94,2080,Discerning marine archaeal mixotrophy and heterotrophy in the deep North Atlantic,55,ANL-Chicago,no,Lauren Seyler,lmseyler@gmail.com,"Michigan State University, East Lansing, MI","McGuinness LR, Gilbert JA, Biddle JF, Gong D, Kerkhof LJ",Missing: Not provided,in prep for resubmission,ERP016287,No publication - confirmed,Seyler_North_Atlantic_water_column,515F-806R (rev-barcoded),"Caporaso et al., 2011; Caporaso et al., 2012",FWD:GTGCCAGCMGCCGCGGTAA; REV:GGACTACHVGGGTWTCTAAT,151,True,True,True,False,no,no units,
95,2182,Gut microbiota and health in wild and captive colobine primates,167,CCME-Boulder,no,Vanessa Hale,vreynolds@gmail.com,"Mayo Clinic, Rochester, MN","Chia L. Tan, Rob Knight, Katherine R. Amato, Kefeng Niu, Yeqin Yang, Duoying Cui, Hongxia Zhao, Qikun Zhang, Jessica Metcalf, Se Jin Song, Jonathan Claytone, Gail Ackermannb, Greg Humphrey, Mark D. Schrenzel, Josephine Braun","10.1016/j.gecco.2016.06.004,10.1016/j.mimet.2015.03.021,10.1016/j.mimet.2016.09.017",Use DOI,ERP016285,,Hale_folivorous_primates_MiSeq,515F-806R (rev-barcoded),"Caporaso et al., 2011; Caporaso et al., 2012",FWD:GTGCCAGCMGCCGCGGTAA; REV:GGACTACHVGGGTWTCTAAT,151,True,True,True,False,no,"fine, no units necessary",
96,2192,Longitudinal analysis of microbial interaction between humans and the indoor environment,1625,ANL-Chicago,no,Jack Gilbert,gilbertjack@gmail.com,Argonne National Laboratory,"Lax S, Smith DP, Hampton-Marcell J, Owens SM, Handley KM, Scott NM, Gibbons SM, Larsen P, Shogan BD, Weiss S, Metcalf JL, Ursell LK, Vázquez-Baeza Y, Van Treuren W, Hasan NA, Gibson MK, Colwell R, Dantas G,",10.1126/science.1254529,Use DOI,ERP005806,,Gilbert_house_forensics_BE,515F-806R (rev-barcoded),"Caporaso et al., 2011; Caporaso et al., 2012",FWD:GTGCCAGCMGCCGCGGTAA; REV:GGACTACHVGGGTWTCTAAT,151,True,True,True,False,no,"fine, no units necessary",
97,2229,"Continental-scale variation in seaweed host-associated bacterial communities is a function of host condition, not geography",1393,ANL-Chicago,no,Torsten Thomas,t.thomas@unsw.edu.au,"Centre for Marine Bio-Innovation and School of Biological, Earth and Environmental Science, University of New South Wales, Sydney, 2052, Australia","Ezequiel M Marzinelli, Alexandra H Campbell, Peter D Steinberg",10.1111/1462-2920.12972,Use DOI,ERP021895,,Thomas_CMB_Seaweed,515F-806R (rev-barcoded),"Caporaso et al., 2011; Caporaso et al., 2012",FWD:GTGCCAGCMGCCGCGGTAA; REV:GGACTACHVGGGTWTCTAAT,145,True,True,True,False,no,fine,reprocess according to health status
98,2300,Gut microbiome of hibernating bears,96,CCME-Boulder,no,Rita L. Seger,rita.seger@umit.maine.edu,"University of Maine, Orono, ME",,Missing: Not provided,Missing: Not provided,ERP016384,No publication - confirmed,Song hibernating bears,515F-806R (rev-barcoded),"Caporaso et al., 2011; Caporaso et al., 2012",FWD:GTGCCAGCMGCCGCGGTAA; REV:GGACTACHVGGGTWTCTAAT,100,True,True,True,False,no,"fine, no units necessary",
99,2318,"Fracking impact on water, soil and sediment in fracking areas from Pennsylvania",192,CCME-Boulder,no,Regina Lamendella,reginalamendella@gmail.com,"Juniata College, Huntingdon, PA, USA","Justin Wright, Nikea Ulrich",Missing: Not provided,Missing: Not provided,ERP021511,Emailed Gina,Lamendella_fracking,515FB-806RB (fwd-barcoded),"Apprill et al., 2015; Parada et al., 2016; Walters et al., 2016",FWD:GTGYCAGCMGCCGCGGTAA; REV:GGACTACNVGGGTWTCTAAT,,True,False,True,False,no,haven't checked,Gail processed in Qiita Feb 2017.
100,2338,"Microbiome of Seba's short-tailed bats, Carollia perspicillata",192,CCME-Boulder,no,Susan Whitehead,sw778@cornell.edu,Cornell University,,Missing: Not provided,Missing: Not provided,ERP016491,Emailed Susan,Song_Whitehead_bats,515F-806R (rev-barcoded),"Caporaso et al., 2011; Caporaso et al., 2012",FWD:GTGCCAGCMGCCGCGGTAA; REV:GGACTACHVGGGTWTCTAAT,100,True,True,True,False,no,"fine, no units necessary",
101,2382,The soil microbiome influences grapevine-associated microbiota (HiSeq),401,ANL-Chicago,yes - deep sequencing for chloroplasts,Jack Gilbert,gilbertjack@gmail.com,Argonne National Laboratory,"Zarraonaindia I, Owens SM, Weisenhorn P, West K, Hampton-Marcell J, Lax S, Bokulich NA, Mills DA, Martin G, Taghavi S, van der Lelie D,",10.1128/mBio.02527-14,Use DOI,ERP006348,,Merlot_microbiome_HiSeq,515F-806R (rev-barcoded),"Caporaso et al., 2011; Caporaso et al., 2012",FWD:GTGCCAGCMGCCGCGGTAA; REV:GGACTACHVGGGTWTCTAAT,150,True,True,True,False,no,fine,
102,10145,"Beach sand microbiome from Calvert Island, Canada",114,CCME-Boulder,no,Vera Tai,vtai@cfenet.ubc.ca,"University of Brittish Columbia, Vancouver, BC, Canada",,Missing: Not provided,Missing: Not provided,ERP016392,,Tai_Beach_sand_microbiome,515FB-806RB (fwd-barcoded),"Apprill et al., 2015; Parada et al., 2016; Walters et al., 2016",FWD:GTGYCAGCMGCCGCGGTAA; REV:GGACTACNVGGGTWTCTAAT,,True,False,True,False,no,fine,18S
103,10156,The effect of wetland age and restoration methodology on long term development and ecosystem functions of restored wetlands,192,ANL-Chicago,no,Kate Ballantine,kballant@mtholyoke.edu,"Mount Holyoke College, South Hadley, MA",Jason Andras,Missing: Not provided,Missing: Not provided,ERP016583,,Andras_Ballantine_wetland_soils,515F-806R (rev-barcoded),"Caporaso et al., 2011; Caporaso et al., 2012",FWD:GTGCCAGCMGCCGCGGTAA; REV:GGACTACHVGGGTWTCTAAT,,True,False,True,False,no,fine,
104,10171,"Characterizing the gut microbiome of the last population of undomesticated horses living in the wild, the Przewalski horse",279,CCME-Boulder,no,Ludovic Orlando,orlando.ludovic@gmail.com,"Centre for GeoGenetics, Natural History Museum of Denmark, University of Copenhagen, Øster Voldgade 5-7, 1350K Copenhagen, Denmark","Professor Eske Willerslev (ewillerslev@snm.ku.dk, Centre for GeoGenetics), Andaine Seguin-Orlando (asorlando@snm.ku.dk, Centre for GeoGenetics), Claudia Feh (claudia.feh@gmail.com, Association pour le cheval de Przewalski:TAKH, Station biologique de la Tour du Valat, 13200 Arles, France)",Missing: Not provided,Missing: Not provided,ERP016897,,Mongolian horses,515F-806R (rev-barcoded),"Caporaso et al., 2011; Caporaso et al., 2012",FWD:GTGCCAGCMGCCGCGGTAA; REV:GGACTACHVGGGTWTCTAAT,,True,False,True,False,no,"fine, no units necessary",ok
105,10172,Colonization and succession of hospital-associated bacteria,6404,ANL-Chicago,no,Jack Gilbert,gilbertjack@gmail.com,Argonne National Laboratory,"Simon Lax, Naseer Sangwan, Daniel Smith, Peter Larsen, Kim M Handley, Miles Richardson, Kristina Guyton, Monika Krezalek, Benjamin D Shogan, Jennifer Defazio, Irma Flemming, Baddr Shakhsheer, Emily Landon, Sylvia Garcia-Houchins, Jeffrey Siegel, John Alverdy, Rob Knight, Brent Stephens",10.1126/scitranslmed.aah6500,Use DOI,ERP016116,,Hospital microbiome,515F-806R (rev-barcoded),"Caporaso et al., 2011; Caporaso et al., 2012",FWD:GTGCCAGCMGCCGCGGTAA; REV:GGACTACHVGGGTWTCTAAT,,True,False,True,False,no,"fine, no units necessary",ok
106,10180,Metagenome of microbial communities involved in the nitrogen cycle in sugarcane soils in Brazil,128,LBNL-Berkeley,no,Janet Jansson,janet.jansson@pnnl.gov,Pacific Northwest National Laboratory,,Missing: Not provided,Missing: Not provided,ERP016582,,Brazilian_soils,515FB-806RB (fwd-barcoded),"Apprill et al., 2015; Parada et al., 2016; Walters et al., 2016",FWD:GTGYCAGCMGCCGCGGTAA; REV:GGACTACNVGGGTWTCTAAT,,True,False,True,False,no,some units,
107,10245,"Diversity, host affinity and ecology of foliar endophytic microbes in Amazonian Peru",120,ANL-Chicago,no,Seth Kauppinen,skauppinen@berkeley.edu,"University of California, Berkeley, California",,Missing: Not provided,in prep,ERP011456,,Kauppinen_amazonian_leaf_microbiome,515F-806R (rev-barcoded),"Caporaso et al., 2011; Caporaso et al., 2012",FWD:GTGCCAGCMGCCGCGGTAA; REV:GGACTACHVGGGTWTCTAAT,,True,False,True,False,no,no units,
108,10246,The North American Arctic Transect (NAAT) and the Eurasian Arctic Transect (EAT),180,ANL-Chicago,no,Lee Taylor,fflt@unm.edu,"Department of Biology & Wildlife, University of Alaska - Fairbanks","Donald (Skip) Walker (Department of Biology & Wildlife, University of Alaska - Fairbanks); Ina Timling (Department of Biology & Wildlife, University of Alaska - Fairbanks)",Missing: Not provided,Missing: Not provided,Missing: Not provided,,Timling Arctic Transect,515F-806R (rev-barcoded),"Caporaso et al., 2011; Caporaso et al., 2012",FWD:GTGCCAGCMGCCGCGGTAA; REV:GGACTACHVGGGTWTCTAAT,,False,False,True,False,no,,"processing 10/21/2014 data now, broke qiita"
109,10247,Spatio‐temporal variation of bacterial communities in the German Bight,715,ANL-Chicago,no,Gunnar Gerdts,gunnar.gerdts@awi.de,Alfred Wegener Institute,"Judith Lucas, Antje Wichels, Gunnar Gerdts",10.1186/s10152-016-0464-9*,Use DOI,Missing: Not provided,Old publication only - 10.1186/s10152-016-0464-9,Spatio‐temporal variation of bacterial communities in the German Bight,515F-806R (rev-barcoded),"Caporaso et al., 2011; Caporaso et al., 2012",FWD:GTGCCAGCMGCCGCGGTAA; REV:GGACTACHVGGGTWTCTAAT,,False,False,True,False,yes,,processing 10/21/2014 data now
110,10248,Seasonal succession influences the functioning of a host-associated microbial food web (pitcher plant Darlingtonia california),62,LBNL-Berkeley,no,David Armitage,dave.armitage@gmail.com,UC Berkeley & U Notre Dame,Antje Wichels,10.1101/090225,Use DOI,ERP016882,,Armitage Pitcher plants,515F-806R (rev-barcoded),"Caporaso et al., 2011; Caporaso et al., 2012",FWD:GTGCCAGCMGCCGCGGTAA; REV:GGACTACHVGGGTWTCTAAT,,True,False,True,False,no,"fine, no units necessary",ok
111,10273,Reef seawater samples utilized to test performance of revised sequencing primers,96,CCME-Boulder,no,Amy Apprill,aapprill@whoi.edu,"Woods Hole Oceanographic Institution, Woods Hole, MA",,Missing: Not provided,Missing: Not provided,ERP015300,Updated,SM_Apprill_WHOI_SeaWater,515FB-806RB (fwd-barcoded),"Apprill et al., 2015; Parada et al., 2016; Walters et al., 2016",FWD:GTGYCAGCMGCCGCGGTAA; REV:GGACTACNVGGGTWTCTAAT,,True,False,True,False,no,fine,
112,10278,Identifying the microbial cohorts associated with drought-driven carbon release from peatland ecosystems,220,UCSDMI-LaJolla,no,Simon Creer,s.creer@bangor.ac.uk,"Bangor University, Bangor, Gwynedd, LL57 2DG, UK","Caitlin Potter, Gail Ackermann (EMP), Nathalie Fenner, Chris Freeman, Peter Golyshin, James McDonald",Missing: Not provided,submitted,ERP016584,,Creer_potter_peat_soils,515FB-806RB (fwd-barcoded),"Apprill et al., 2015; Parada et al., 2016; Walters et al., 2016",FWD:GTGYCAGCMGCCGCGGTAA; REV:GGACTACNVGGGTWTCTAAT,,True,False,True,False,no,fine,18S
113,10308,"Patterns of microbiome transition along salinity gradients, and importance for fish host adaptive divergence across osmotic boundaries",1248,UCSDMI-LaJolla,no,Andrew Whitehead,awhitehead@ucdavis.edu,"Department of Environmental Toxicology, University of California - Davis, Davis CA",Gregory D. Mayer (Texas Tech University),Missing: Not provided,Missing: Not provided,ERP016103,,Whitehead fish,515FB-806RB (fwd-barcoded),"Apprill et al., 2015; Parada et al., 2016; Walters et al., 2016",FWD:GTGYCAGCMGCCGCGGTAA; REV:GGACTACNVGGGTWTCTAAT,,True,False,True,False,no,"fine, no units necessary",
114,10317,American Gut Project,12816,CCME-Boulder & UCSDMI-LaJolla,no,Rob Knight,robknight@ucsd.edu,University of California San Diego,Embriette Hyde,Missing: Not provided,Missing: Not provided,ERP012803,,AGP,515FB-806RB (fwd-barcoded),"Apprill et al., 2015; Parada et al., 2016; Walters et al., 2016",FWD:GTGYCAGCMGCCGCGGTAA; REV:GGACTACNVGGGTWTCTAAT,,True,False,True,False,,,
115,10323,The role of social connectivity in gut microbial transmission and consequences for pathogen defense,768,UCSDMI-LaJolla,no,Vanessa Ezenwa,vezenwa@uga.edu,"Department of Infectious Diseases, College of Veterinary Medicine, Univeristy of Georgia, Athens GA",Allison Williams,Missing: Not provided,Missing: Not provided,ERP016174,,Williams_gazelles,515FB-806RB (fwd-barcoded),"Apprill et al., 2015; Parada et al., 2016; Walters et al., 2016",FWD:GTGYCAGCMGCCGCGGTAA; REV:GGACTACNVGGGTWTCTAAT,,True,False,True,False,no,"fine, no units necessary",
116,10346,"Diversity, structure and convergent evolution of the global sponge microbiome",1572,CCME-Boulder & AIMS & NSU,no,Torsten Thomas,t.thomas@unsw.edu.au,"Centre for Marine Bio-Innovation and School of Biological, Earth and Environmental Science, University of New South Wales, Sydney, 2052, Australia","Torsten Thomas, Lucas Moitinho-Silva, Miguel Lurgi, Johannes R. Björk, Cole Easson, Carmen Astudillo-García, Julie B. Olson, Patrick M. Erwin, Susanna López-Legentil, Heidi Luter, Andia Chaves-Fonnegra, Rodrigo Costa, Peter J. Schupp, Laura Steindler, Dirk Erpenbeck, Jack Gilbert, Rob Knight, Gail Ackermann, Jose Victor Lopez, Michael W. Taylor, Robert W. Thacker, Jose M. Montoya, Ute Hentschel & Nicole S. Webster",10.1038/ncomms11870,Use DOI,ERP013416,,Thomas sponges 1St submission,515F-806R (rev-barcoded),"Caporaso et al., 2011; Caporaso et al., 2012",FWD:GTGCCAGCMGCCGCGGTAA; REV:GGACTACHVGGGTWTCTAAT,,True,False,True,False,no,"no units, no metadata",
117,10363,Selenium hyperaccumulators harbor a diverse endophytic bacterial community characterized by high selenium resistance and plant growth promoting properties,64,UCSDMI-LaJolla,no,Elizabeth Pilon-Smits,elizabeth.pilon-smits@colostate.edu,"Biology Department, Colorado State University, Fort Collins",Alyssa Cochran,10.3389/fpls.2015.00113,Use DOI,ERP017439,,CSU soils,515FB-806RB (fwd-barcoded),"Apprill et al., 2015; Parada et al., 2016; Walters et al., 2016",FWD:GTGYCAGCMGCCGCGGTAA; REV:GGACTACNVGGGTWTCTAAT,,True,False,True,False,no,"no units, no metadata",
118,10522,"Stress response, gut microbial diversity, sexual signals, and social interactions in North American barn swallows",22,CCME-Boulder,no,Rebecca Safran,rebecca.safran@colorado.edu,"University of Colorado - Boulder, CO",,10.1098/rsbl.2016.0352,Use DOI,ERP016512,,Levin barn swallow microbiome and social networks,515FB-806RB (fwd-barcoded),"Apprill et al., 2015; Parada et al., 2016; Walters et al., 2016",FWD:GTGYCAGCMGCCGCGGTAA; REV:GGACTACNVGGGTWTCTAAT,,True,False,True,False,no,"fine, no units necessary",
119,10533,The Global Sponge Microbiome (Round 2),2706,CCME-Boulder & AIMS-Townsville & NSU-FortLauderdale,no,Torsten Thomas,t.thomas@unsw.edu.au,"Centre for Marine Bio-Innovation and School of Biological, Earth and Environmental Science, University of New South Wales, Sydney, 2052, Australia","Lucas Moitinho e Silva (Centre for Marine Bio-Innovation and School of Biological, Earth and Environmental Science, University of New South Wales, Sydney, 2052, Australia), Nicole Webster (Australian Institute for Marine Science, Townsville, Australia)",10.1038/ncomms11870,PMID 27306690 has DOI,Missing: Not provided,,Torsten2_redo_by_lane,515F-806R (rev-barcoded),"Caporaso et al., 2011; Caporaso et al., 2012",FWD:GTGCCAGCMGCCGCGGTAA; REV:GGACTACHVGGGTWTCTAAT,,True,False,True,False,,,
120,10581,Cohort of human mothers and babies from El Salvador,0,UCSDMI-LaJolla,no,Gabriela Sheets,gabriela.m.sheets@gmail.com,"Department of Anthropology, Emory University, Atlanta, GA, USA",,Missing: Not provided,Missing: Not provided,Missing: Not provided,,Sheets_El_Salvador_birth_cohort,515FB-806RB (fwd-barcoded),"Apprill et al., 2015; Parada et al., 2016; Walters et al., 2016",FWD:GTGYCAGCMGCCGCGGTAA; REV:GGACTACNVGGGTWTCTAAT,,True,False,True,False,no,"fine, no units necessary",needs processing
121,10793,The Sponge Microbiome Project,,CCME-Boulder,no,Torsten Thomas,,,,,,ERP020690,,Thomas 1st and 2nd rounds combined,515F-806R (rev-barcoded) & 515FB-806RB (fwd-barcoded),"Caporaso et al., 2011; Caporaso et al., 2012 & Apprill et al., 2015; Parada et al., 2016; Walters et al., 2016",FWD:GTGCCAGCMGCCGCGGTAA; REV:GGACTACHVGGGTWTCTAAT & FWD:GTGYCAGCMGCCGCGGTAA; REV:GGACTACNVGGGTWTCTAAT,,True,False,True,False,,,
122,10809,Exploring microbial life in the Antarctica Dry Valley lakes,,ANL-Chicago,no,Hans-Peter Grossart,hgrossart@igb-berlin.de,,"Isabel Ferrera1,2*, Hugo Sarmento3, John C. Priscu4, Amy Chiuchiolo4, José M. Gonzále",10.3389/fmicb.2017.00175*,Use DOI,ERP023059,Old publication only - 10.3389/fmicb.2017.00175,Grossart_Antarctic_Lakes,515F-806R (rev-barcoded),"Caporaso et al., 2011; Caporaso et al., 2012",FWD:GTGCCAGCMGCCGCGGTAA; REV:GGACTACHVGGGTWTCTAAT,,False,False,False,False,,,
123,10895,GCMP (Global Coral Microbiome Project),,UCSDMI-LaJolla,no,Jesse Zaneveld,,,,,,,,GCMP,515FB-806RB (fwd-barcoded),"Apprill et al., 2015; Parada et al., 2016; Walters et al., 2016",FWD:GTGYCAGCMGCCGCGGTAA; REV:GGACTACNVGGGTWTCTAAT,,True,False,True,False,,,
124,10935,EMP500,,UCSDMI-LaJolla,no,Luke Thompson,lukethompson@gmail.com,,,,,,,EMP500,515FB-806RB (fwd-barcoded),"Apprill et al., 2015; Parada et al., 2016; Walters et al., 2016",FWD:GTGYCAGCMGCCGCGGTAA; REV:GGACTACNVGGGTWTCTAAT,,True,False,True,False,,,
