,Animal surface,Animal corpus,Animal secretion,Animal proximal gut,Animal distal gut,Plant surface,Plant corpus,Plant rhizosphere,Soil (non-saline),Sediment (non-saline),Sediment (saline),Surface (non-saline),Surface (saline),Aerosol (non-saline),Water (non-saline),Water (saline),Intertidal (saline),Hypersaline (saline),Sterile water blank,Mock community
TACGTAGGTGGCAAGCGTTGTCCGGATTTATTGGGTTTAAAGGGTGCGTAGGCGGCTTTGTAAGTCAGTGGTGAAATACGGTAGCTCAAC(1),0.0,0.0,0.09090909090909091,0.0,0.0,0.0,0.4545454545454546,0.09090909090909091,0.36363636363636365,0.0,0.0,0.0,0.0,0.0,0.0,0.0,0.0,0.0,0.0,0.0
TACGAACTGTGCGAACGTTATTCGGAATCACTGGGCTTAAAGGGTACGTAGGCGGGTTTGTAGGTCAGATGTGAAAGCCCACGGCTCAAC(1),0.0,0.0,0.0,0.3076923076923078,0.05128205128205128,0.628205128205128,0.0,0.0,0.0,0.0,0.0,0.0,0.0,0.0,0.0,0.0,0.0,0.01282051282051282,0.0,0.0
TACGGAGGGTGCAAGCGTTATCCGGAATCACTGGGTTTAAAGGGTGCGTAGGTGGCGTTATAAGTCAGAAGTGAAAGCCTGCAGCTTAAC(1),0.0,0.0,0.0,0.0,0.0,0.7142857142857144,0.0,0.0,0.0,0.0,0.0,0.0,0.2285714285714286,0.0,0.0,0.05714285714285714,0.0,0.0,0.0,0.0
TACGGAGGGTGCAAGCGTTATCCGGAATCACTGGGTTTAAAGGGTGCGTAGGCGGCTTTGTAAGTCAGATGTGAAAGCCCACCGCTTAAC(1),0.0,0.0,0.0,0.05555555555555555,0.0,0.7222222222222224,0.0,0.0,0.0,0.0,0.0,0.0,0.05555555555555555,0.0,0.0,0.16666666666666666,0.0,0.0,0.0,0.0
TACGGAGGATGCAAGCGTTATCCGGAATCATTGGGCGTAAAGCGTCCGCAGGTGGCTCATCAAGTCTGCTGTTAAAGACAGAAGCTCAAC(1),0.0,0.0,0.0,0.041666666666666664,0.0,0.8125000000000003,0.0,0.0,0.0,0.0,0.0,0.0,0.08333333333333333,0.0,0.0,0.0625,0.0,0.0,0.0,0.0
TACGGAGGGTGCGAGCGTTAATCGGAATTACTGGGCGTAAAGCGCATGCAGGCGGTTAGTTAAGCAAGATGTGAAAGCCCGGGGCTTAAC(1),0.0,0.0,0.0,0.0625,0.0,0.8125,0.0,0.0,0.0,0.0,0.0625,0.0,0.0,0.0,0.0,0.0625,0.0,0.0,0.0,0.0
TACGTAGGGTGCAAGCGTTGTTCGGAATTATTGGGCGTAAAGAGCGTGTAGGCGGTCATCTAAGTCTGATGTGAAAGCCCGGGGCTTAAC(1),0.0,0.0,0.0,0.03571428571428571,0.03571428571428571,0.9285714285714283,0.0,0.0,0.0,0.0,0.0,0.0,0.0,0.0,0.0,0.0,0.0,0.0,0.0,0.0
TACGGAGGGTCCAAGCGTTATCCGGAATTACTGGGTTTAAAGGATGCGTAGGCGGGCTAATAAGTCAGAAGTGAAAGCTCACGGCTCAAC(1),0.0,0.0,0.0,0.0,0.0,0.9999999999999999,0.0,0.0,0.0,0.0,0.0,0.0,0.0,0.0,0.0,0.0,0.0,0.0,0.0,0.0
TACGGAGGGTGCAAGCGTTATCCGGAATCACTGGGTTTAAAGGGTGCGTAGGCGGCGCTATTAGTCAGAGGTGAAAGCTCACAGCTTAAC(1),0.0,0.0,0.0,0.0,0.0,1.0000000000000004,0.0,0.0,0.0,0.0,0.0,0.0,0.0,0.0,0.0,0.0,0.0,0.0,0.0,0.0
TACGGAGGGGGCAAGTGTTACTCGACATGACTGGGCGTAAAGGGTGCGTAGGTGGTCTTTTAAGTCAAGATAAAAATTCTTAATTTTTAA(1),0.0,0.0,0.0,0.0,0.0,1.0000000000000002,0.0,0.0,0.0,0.0,0.0,0.0,0.0,0.0,0.0,0.0,0.0,0.0,0.0,0.0
TACTGAGGGTGCGAGCGTTAATCGGAATTACTGGGCGTAAAGAGTACGTAGGCGGTTTGACAAGTCAGATGTGAAAGCCCCGGGCTTAAC(1),0.0,0.0,0.0,0.19354838709677413,0.03225806451612903,0.7741935483870962,0.0,0.0,0.0,0.0,0.0,0.0,0.0,0.0,0.0,0.0,0.0,0.0,0.0,0.0
TACGAAGGGAGCGAGCGTTGTTCGGAATAACTGGGCGTAAAGAGTACGTAGGCGGATTGATTAGTTAGGGGTGAAATCCCAGGGCTCAAC(1),0.0,0.0,0.0,0.13333333333333333,0.0,0.8666666666666666,0.0,0.0,0.0,0.0,0.0,0.0,0.0,0.0,0.0,0.0,0.0,0.0,0.0,0.0
TACGGAGGGTGCAAGCGTTATCCGGAATCATTGGGTTTAAAGGGTCCGTAGGCGGGCATATAAGTCAGTGGTGAAAGTCTGTGGCTCAAC(1),0.0,0.021739130434782608,0.0,0.15217391304347827,0.021739130434782608,0.3478260869565216,0.0,0.0,0.0,0.0,0.0,0.0,0.17391304347826086,0.0,0.0,0.28260869565217384,0.0,0.0,0.0,0.0
TACGGAGGGTCCAAGCGTTATCCGGAATCATTGGGTTTAAAGGGTTCGCAGGCGGTTTAATAAGTCAGTGGTGAAATCCCGTAGCTCAAC(1),0.0,0.0,0.08333333333333333,0.16666666666666666,0.0,0.41666666666666663,0.0,0.0,0.0,0.0,0.0,0.0,0.25,0.0,0.0,0.08333333333333333,0.0,0.0,0.0,0.0
TACGGAGGGTGCGAGCGTTAATCGGAATTACTGGGCGTAAAGGGCACGCAGGCGGTTATTTAAGTGAGATGTGAAATCCCCGAGCTTAAC(1),0.2,0.0,0.0,0.7333333333333333,0.06666666666666667,0.0,0.0,0.0,0.0,0.0,0.0,0.0,0.0,0.0,0.0,0.0,0.0,0.0,0.0,0.0
TACATAGGGAGCAAGCGTTATCCGGATTTACTGGGTGTAAAGGGTGCGTAGGCGGCTAAGCAAGTCAGATGTGAAATACACGGGCTCAAC(1),0.0,0.0,0.0,0.8888888888888892,0.05555555555555555,0.0,0.0,0.0,0.0,0.0,0.0,0.0,0.0,0.05555555555555555,0.0,0.0,0.0,0.0,0.0,0.0
TACGGAAGGTCCGGGCGTTATCCGGATTTATTGGGTTTAAAGGGAGCGCAGGCCGCCTTTTAAGCGTGTTGTGAAATGCCGCGGCTCAAC(1),0.0,0.0,0.0,0.9999999999999996,0.0,0.0,0.0,0.0,0.0,0.0,0.0,0.0,0.0,0.0,0.0,0.0,0.0,0.0,0.0,0.0
TACGTAGGTGGCGAGCGTTATCCGGAATTATTGGGCGTAAAGGGTGCGTAGGCGGCTGATTAAGTTTGTGGTGAAAGCGTGGGGCTCAAC(1),0.0,0.0,0.0,1.0,0.0,0.0,0.0,0.0,0.0,0.0,0.0,0.0,0.0,0.0,0.0,0.0,0.0,0.0,0.0,0.0
TACGAAGGGGGCTAGCGTTGCTCGGAATCACTGGGCGTAAAGGGTGCGTAGGCGGGGCTTTAAGTCAGGGGTGAAATCCTGGAGCTCAAC(1),0.05263157894736842,0.0,0.0,0.0,0.0,0.3684210526315789,0.0,0.05263157894736842,0.3157894736842105,0.0,0.05263157894736842,0.0,0.0,0.0,0.15789473684210525,0.0,0.0,0.0,0.0,0.0
TACGGAGGATGCAAGCGTTATCCGGAATGATTGGGCGTAAAGCGTCTGTAGGTGGTTTCATAAGTCCACTGTCAAAGATCAGGGCTTAAC(1),0.0,0.0,0.0,0.0,0.05263157894736842,0.0,0.0,0.0,0.0,0.0,0.3684210526315789,0.10526315789473684,0.0,0.0,0.47368421052631576,0.0,0.0,0.0,0.0,0.0
TACGGAAGGTCCGGGCGTTATCCGGATTTATTGGGTTTAAAGGGAGCGTAGGCTGGAGATTAAGTGTGTTGTGAAATGTAGACGCTCAAC(1),0.09090909090909091,0.03636363636363636,0.45454545454545464,0.0,0.0,0.0,0.0,0.0,0.0,0.0,0.0,0.01818181818181818,0.0,0.3636363636363637,0.03636363636363636,0.0,0.0,0.0,0.0,0.0
TACGTAGGTGGCAAGCGTTATCCGGAATTATTGGGCGTAAAGCGCGCGTAGGCGGTTTCTTAAGTCTGATGTGAAAGCCCCCGGCTCAAC(1),0.2777777777777778,0.16666666666666666,0.05555555555555555,0.05555555555555555,0.0,0.0,0.0,0.0,0.0,0.0,0.0,0.0,0.0,0.44444444444444453,0.0,0.0,0.0,0.0,0.0,0.0
TACGGAGGGTGCAAGCGTTAATCGGAATTACTGGGCGTAAAGCGCACGCAGGCGGTTTGTTAAGCTAGATGTGAAAGCCCCGCGCTCAAC(1),0.0,0.0,0.0,0.0,0.0,0.0,0.0,0.0,0.0,0.0,0.0,0.0,0.96875,0.0,0.0,0.03125,0.0,0.0,0.0,0.0
TACGGAGGGTCCAAGCGTTGTCCGGAATTATTGGGTTTAAAGGGTGCGTAGGCGGTCTTTTAAGTCAGAGGTGAAATCCAACAGCTTAAC(1),0.0,0.0,0.0,0.0,0.0,0.0,0.0,0.0,0.0,0.0,0.0,0.0,0.9999999999999999,0.0,0.0,0.0,0.0,0.0,0.0,0.0
TACGGAGGGATCTAGCGTTATTCGGAATTACTGGGCGTAAAGCGAGCGTAGGCGGATTTGTAAGTTGGAGGTGAAATCCCAGAGCTTAAC(1),0.047619047619047616,0.0,0.0,0.0,0.0,0.0,0.0,0.0,0.0,0.0,0.0,0.0,0.0,0.0,0.09523809523809523,0.8571428571428574,0.0,0.0,0.0,0.0
TACGGAGGGTGCAAGCGTTATCCGGAATTATTGGGCGTAAAGCGTCTGTAGGTGGCTTAGTAAGTCTACTGTTAAATACTAGGGCTTAAC(1),0.0,0.0,0.0,0.0,0.0,0.0,0.0,0.0,0.0,0.0,0.1,0.0,0.0,0.0,0.0,0.9000000000000002,0.0,0.0,0.0,0.0
TACGGAGGGGGTTAGCGTTGTTCGGAATTACTGGGCGTAAAGCGTACGTAGGCGGATCAGAAAGTTGGGGGTGAAATCCCGGGGCTCAAC(1),0.0,0.0,0.0,0.09090909090909091,0.0,0.09090909090909091,0.0,0.0,0.0,0.0,0.0,0.0,0.0,0.0,0.0,0.8181818181818183,0.0,0.0,0.0,0.0
TACGGAGGGTGCAAGCGTTATCCGGAATCATTGGGTTTAAAGGGTCCGCAGGCGGATGTATAAGTCAGTGGTGAAATCCTGCAGCTTAAC(1),0.0,0.0,0.0,0.0,0.0,0.09090909090909091,0.0,0.0,0.0,0.0,0.0,0.0,0.0,0.0,0.0,0.9090909090909093,0.0,0.0,0.0,0.0
TACGGAGGGATCTAGCGTTGTTCGGAATTACTGGGCGTAAAGGGCGCGTAGGCGGTATAATTAGTCAGAGGTGAAATCCCTAAGCTTAAC(1),0.0,0.0,0.0,0.0,0.0,0.0,0.0,0.0,0.0,0.0,0.0,0.0,0.0,0.0,0.0,0.9999999999999999,0.0,0.0,0.0,0.0
TACGGAGGGTCCGAGCGTTATCCGGAATCATTGGGTTTAAAGGGTCCGCAGGCGGCCAGATAAGTCAGTGGTGAAATTCCGTGGCTCAAC(1),0.0,0.0,0.0,0.0,0.0,0.0,0.0,0.0,0.0,0.0,0.0,0.0,0.0,0.0,0.0,1.0000000000000002,0.0,0.0,0.0,0.0
TACGGAGGGGGCTAGCGTTGTTCGGAATCACTGGGCGTAAAGCGCGCGTAGGCGGATTAATTAGTCAGTGGTGAAAGCCCGAGGCTCAAC(1),0.0,0.0,0.0,0.0,0.0,0.0,0.0,0.0,0.0,0.0,0.0,0.0,0.0,0.0,0.0,1.0000000000000002,0.0,0.0,0.0,0.0
TACGAGGGATGCAAGCGTTATCCGAAATCATTGGGCGTAAAGCGCCTGTAGGTGGTTTTTCAAGTCCATTGTTAAAGCGTTCAGCTCAAC(1),0.0,0.0,0.0,0.0,0.0,0.0,0.0,0.0,0.07142857142857142,0.0,0.0,0.0,0.21428571428571427,0.0,0.0,0.7142857142857141,0.0,0.0,0.0,0.0
TACGGAGGGGGTTAGCGTTGTTCGGAATTACTGGGCGTAAAGCGCACGTAGGCGGATTGGAAAGTTGGGGGTGAAATCCCGGGGCTCAAC(1),0.01639344262295082,0.0,0.01639344262295082,0.0,0.0,0.0,0.0,0.0,0.0,0.03278688524590164,0.03278688524590164,0.0,0.2786885245901639,0.01639344262295082,0.03278688524590164,0.5245901639344265,0.0,0.04918032786885246,0.0,0.0
TACGGAGGGTGCAAGCGTTAATCGGAATTACTGGGCGTAAAGCGCGCGTAGGCGGTTGGTTAAGTTGGATGTGAAAGCCCTGGGCTCAAC(1),0.0,0.0,0.0,0.0,0.0,0.0,0.0,0.0,0.0,0.0,0.04,0.0,0.4799999999999999,0.0,0.0,0.4799999999999999,0.0,0.0,0.0,0.0
TACGGAGGGTGCAAGCGTTGTTCGGATTTACTGGGCGTAAAGCGCGAGCAGGTGGGTCGGCAAGTCCTGTGTGCAATCTTTCGGCTCAAC(1),0.0,0.0,0.0,0.0,0.0,0.0,0.0,0.2727272727272727,0.36363636363636365,0.0,0.0,0.0,0.0,0.0,0.36363636363636365,0.0,0.0,0.0,0.0,0.0
TACGTAGGGGGCAAGCGTTATCCGGATTTACTGGGTGTAAAGGGAGCGTAGACGGAGCAGCAAGTCTGATGTGAAAACCCGGGGCTCAAC(1),0.11538461538461539,0.0,0.038461538461538464,0.19230769230769232,0.3846153846153846,0.0,0.0,0.0,0.0,0.2692307692307693,0.0,0.0,0.0,0.0,0.0,0.0,0.0,0.0,0.0,0.0
AACGTAGGTCACAAGCGTTGTCCGGAATTACTGGGTGTAAAGGGAGCGCAGGCGGGCGATCAAGTTGGAAGTGAAATCCATGGGCTCAAC(1),0.0625,0.0,0.09375,0.0,0.5,0.0,0.0,0.0,0.0,0.21875,0.0,0.0625,0.0,0.0625,0.0,0.0,0.0,0.0,0.0,0.0
TACGTAGGGGGCAAGCGTTATCCGGAATTACTGGGTGTAAAGGGAGCGTAGGCGGCACGCCAAGCCAGATGTGAAAGCCCGAGGCTTAAC(1),0.04878048780487805,0.0,0.024390243902439025,0.26829268292682923,0.4146341463414635,0.024390243902439025,0.0,0.0,0.0,0.0,0.0,0.07317073170731708,0.0,0.0975609756097561,0.024390243902439025,0.024390243902439025,0.0,0.0,0.0,0.0
TACGTAGGGAGCAAGCGTTATCCGGATTTATTGGGTGTAAAGGGTGCGTAGACGGTAATGCAAGTTAGTTGTGAAATCCCTCGGCTTAAC(1),0.0,0.0,0.0,0.5833333333333333,0.41666666666666663,0.0,0.0,0.0,0.0,0.0,0.0,0.0,0.0,0.0,0.0,0.0,0.0,0.0,0.0,0.0
TACGTATGGTGCAAGCGTTATCCGGATTTACTGGGTGTAAAGGGAGCGTAGACGGTTGTGTAAGTCTGATGTGAAAACCCGGGGCTCAAC(1),0.0625,0.0,0.0,0.4375,0.3125,0.0,0.0,0.0,0.0,0.0,0.0,0.0,0.0,0.1875,0.0,0.0,0.0,0.0,0.0,0.0
TACGTAGGGGGCGAGCGTTGTCCGGAATGACTGGGCGTAAAGGGCGTGTAGGCGGCAGTATAAGTCCGGAGTGAAAGTCCTGCTTTCAAG(1),0.0,0.0,0.0,0.5333333333333333,0.3333333333333333,0.0,0.0,0.0,0.0,0.0,0.0,0.0,0.0,0.13333333333333333,0.0,0.0,0.0,0.0,0.0,0.0
TACGGAGGATGCAAGCGTTATCCGGATTTATTGGGTTTAAAGGGTGCGTAGGCTGTTCTGCAAGTCAGCGGTGAAAGCCCGGGGCTCAAC(1),0.0,0.0,0.0,0.46153846153846145,0.423076923076923,0.0,0.0,0.0,0.0,0.0,0.0,0.0,0.0,0.11538461538461539,0.0,0.0,0.0,0.0,0.0,0.0
TACGTAGGGGGCAAGCGTTATCCGGAATTATTGGGCGTAAAGCGTGCGTAGGTGGTTCTTTAAGCGCAGGGTTTAAGGCAATGGCCCAAC(1),0.0,0.0,0.0,0.25,0.65,0.0,0.0,0.0,0.0,0.0,0.0,0.0,0.0,0.05,0.05,0.0,0.0,0.0,0.0,0.0
TACGTAGGTGGCGAGCGTTATCCGGATTTACTGGGTGTAAAGGGCGTGTAGGCGGGACTGCAAGTCAGATGTGAAAACCATGGGCTCAAC(1),0.09090909090909091,0.0,0.0,0.0,0.7272727272727274,0.0,0.0,0.0,0.0,0.0,0.0,0.09090909090909091,0.0,0.09090909090909091,0.0,0.0,0.0,0.0,0.0,0.0
TACGTAGGGAGCAAGCGTTATCCGGATTTATTGGGTGTAAAGGGTGCGTAGACGGGAAGGCAAGTTGGTTGTGAAATCCCTCGGCTTAAC(1),0.125,0.0625,0.0,0.0,0.6875,0.0,0.0,0.0,0.0,0.0,0.0,0.0,0.0,0.125,0.0,0.0,0.0,0.0,0.0,0.0
TACGTAGGGGGCGAGCGTTATCCGGATTTATTGGGCGTAAAGCGTGTGTAGGCGGTTTATTAAGTCTAAGATTAAAGCCCGAGGCTTAAC(1),0.07692307692307693,0.0,0.0,0.07692307692307693,0.7692307692307692,0.0,0.0,0.0,0.0,0.0,0.0,0.0,0.0,0.0,0.07692307692307693,0.0,0.0,0.0,0.0,0.0
TACGTAGGGAGCAAGCGTTATCCGGATTTACTGGGTGTAAAGGGTGAGTAGGCGGATCAGCAAGTCAGATGTGAAATACCGGGGCTCAAC(1),0.0,0.0,0.0,0.0,0.8181818181818183,0.0,0.0,0.0,0.0,0.0,0.0,0.0,0.0,0.0,0.09090909090909091,0.09090909090909091,0.0,0.0,0.0,0.0
TACGTAGGGAGCGAGCGTTGTCCGGATTTACTGGGTGTAAAGGGTGCGTAGGCGGGCTGGCAAGTCAGGCGTGAAATCCCGGGGCTTAAC(1),0.0,0.0,0.0,0.0,0.818181818181818,0.0,0.0,0.0,0.0,0.0,0.0,0.0,0.0,0.09090909090909091,0.09090909090909091,0.0,0.0,0.0,0.0,0.0
TACGGGGGATGCAAGCGTTATCCGGATTTATTGGGTTTAAAGGGTGCGTAGGCGGCGTCTTAAGTCAGCGGTGAAATTTAGGGGCTCAAC(1),0.0,0.0,0.0,0.0,0.8571428571428569,0.0,0.0,0.0,0.0,0.0,0.0,0.0,0.0,0.0,0.14285714285714285,0.0,0.0,0.0,0.0,0.0
TACGTAGGGAGCGAGCGTTATCCGGATTTATTGGGTGTAAAGGGTGCGTAGGCGGCTTTACAGGTCTGTGGTTTAAGCCCGAAGCTTAAC(1),0.0,0.0,0.0,0.0,0.9444444444444448,0.0,0.0,0.0,0.0,0.0,0.0,0.0,0.0,0.05555555555555555,0.0,0.0,0.0,0.0,0.0,0.0
TACGTAGGGTGCAAGCGTTATCCGGAATTACTGGGTGTAAAGGGCGAGTAGACGGTTATCTAAGTCGGTTGTGAAAACTTAGTGCTCAAC(1),0.0,0.0,0.0,0.0,0.9090909090909093,0.0,0.0,0.0,0.0,0.0,0.0,0.0,0.0,0.0,0.09090909090909091,0.0,0.0,0.0,0.0,0.0
TACGGAGGATGCGAGCGTTATCCGGATTTATTGGGTTTAAAGGGAGCGTAGACGGGAGATTAAGTCAGCTGTGAAAGTTTGAGGCCCAAC(1),0.0,0.0,0.0,0.0,0.9000000000000002,0.0,0.0,0.0,0.0,0.0,0.0,0.0,0.0,0.05,0.05,0.0,0.0,0.0,0.0,0.0
GACGGAGGGTCCTAGCGTTGTTCGGAATGACTGGGCGTAAAGGGTACGTAGGCGGTTTGGTCAGTTAGATGTGAAAGCCCAGGGCTTAAC(1),0.0,0.0,0.0,0.0,0.0,0.1,0.0,0.0,0.0,0.30000000000000004,0.0,0.0,0.4,0.0,0.1,0.1,0.0,0.0,0.0,0.0
AACGTAGGGGGCGAGCGTTATCCGGATTTATTGGGCGTAAAGCGCGCGTAGGCGGCACTGTAAGTTGGGCGTGAAAGCTCTCGGCTTAAC(1),0.0,0.0,0.0,0.0,0.0,0.0,0.0,0.0,0.0,0.5384615384615385,0.0,0.0,0.46153846153846156,0.0,0.0,0.0,0.0,0.0,0.0,0.0
TACGTAGGTGGCAAGCGTTATCCGGATTTACTGGGCGTAAAGGGAGCGTAGGCGGATACTTAAGTGGGATGTGAAATACCCGAGCTTAAC(1),0.2,0.0,0.0,0.06666666666666667,0.3333333333333333,0.0,0.06666666666666667,0.0,0.13333333333333333,0.0,0.0,0.2,0.0,0.0,0.0,0.0,0.0,0.0,0.0,0.0
TACGGGGGATGCAAGCGTTATCCGGAATTATTGGGCGTAAAGAGTCCGTAGGTTGTTATCAAAGCCTATTGTTAAATATCAAGGCTTCAC(1),0.0,0.0,0.0,0.0,0.0,0.23076923076923078,0.0,0.0,0.0,0.0,0.23076923076923078,0.0,0.0,0.0,0.0,0.5384615384615385,0.0,0.0,0.0,0.0
TACAGAGGGTGCAAGCGTTAATCGGAATTACTGGGCGTAAAGCGCACGTAGGCGGTTTTTTAAGTCAGATGTGAAAGCCCCGGGCTCAAC(1),0.3,0.0,0.04,0.0,0.0,0.0,0.08,0.04,0.0,0.0,0.0,0.02,0.02,0.04,0.36000000000000004,0.1,0.0,0.0,0.0,0.0
TACGGAGGGGGTTAGCGTTGTTCGGAATTACTGGGCGTAAAGCGCGCGTAGGCGGACTATTAAGTCAGGGGTGAAATCCCGGGGCTCAAC(1),0.0,0.0,0.0,0.0,0.0,0.045454545454545456,0.0,0.0,0.0,0.09090909090909091,0.27272727272727276,0.0,0.0,0.0,0.045454545454545456,0.3636363636363637,0.0,0.18181818181818182,0.0,0.0
GACGGGGGGCGCAAGCGTTGTTCGGAATTACTGGGCGTAAAGGGCGGGCAGGTGGTCTGTTAAGTCGTTTGTGAAAATCCGGGGCTCAAC(1),0.0,0.0,0.0,0.0,0.0,0.0,0.0,0.0,0.0,0.0,0.4666666666666666,0.0,0.13333333333333333,0.0,0.0,0.39999999999999997,0.0,0.0,0.0,0.0
TACGTAGGGGGCCAGCGTTGCTCGGAATTACTGGGCGTAAAGGGTCCGTAGGCGGTGCGGCAAGTCGGGAGTGAAATCCCTGGGCTTAAC(1),0.0,0.0,0.0,0.0,0.0,0.0,0.0,0.0,0.1,0.1,0.4,0.1,0.0,0.0,0.0,0.30000000000000004,0.0,0.0,0.0,0.0
TACGGAGGGAGCTAGCGTTGTTCGGAATTACTGGGCGTAAAGCGCGCGTAGGCGGTTACCCAAGTCAGAGGTGAAATCCCGGAGCTCAAC(1),0.08333333333333333,0.08333333333333333,0.08333333333333333,0.0,0.0,0.0,0.0,0.0,0.08333333333333333,0.0,0.08333333333333333,0.0,0.5833333333333333,0.0,0.0,0.0,0.0,0.0,0.0,0.0
TACGTACCGTCCAAACGTTATTCGGTATCACTGGGCTTAAAGCGTTCGTAGGCGGCCTAGAAGGTGTGATGTGAAAGCCCACGGCTCAAC(1),0.2,0.0,0.0,0.0,0.0,0.0,0.0,0.0,0.0,0.0,0.5,0.0,0.2,0.1,0.0,0.0,0.0,0.0,0.0,0.0
TACGAAGGTCCCGAGCGTTGTTCGGAATCACTGGGCGTAAAGGGAGCGTAGGCGGCGCGGTAAGTCGGATGTGAAATCCCGGGGCTCAAC(1),0.058823529411764705,0.0,0.0,0.0,0.0,0.0,0.0,0.0,0.0392156862745098,0.13725490196078433,0.23529411764705876,0.0784313725490196,0.372549019607843,0.0,0.058823529411764705,0.0196078431372549,0.0,0.0,0.0,0.0
TACGGGGGGAGCAAGCGTTGTCCGGAATCACTGGGCGTAAAGGGCGTGTAGGCGGGCGATCAAGTCAGATGTAAAAGGCGACGGCTTAAC(1),0.0,0.19047619047619047,0.0,0.0,0.0,0.0,0.0,0.0,0.0,0.0,0.6190476190476191,0.0,0.047619047619047616,0.0,0.047619047619047616,0.09523809523809523,0.0,0.0,0.0,0.0
TACGTAGGTGGCGAGCGTTATCCGGATTTATTGGGTTTAAAGGGTGCGTAGGCGGCTTTTTAAGTCGGTGGTTAAAGGTAGCAGCTCAAC(1),0.05405405405405406,0.0,0.02702702702702703,0.0,0.0,0.02702702702702703,0.0,0.08108108108108109,0.0,0.10810810810810811,0.35135135135135137,0.05405405405405406,0.16216216216216217,0.0,0.08108108108108109,0.05405405405405406,0.0,0.0,0.0,0.0
TACGGAGGGTGCAAGCGTTAATCGGAATTACTGGGCGTAAAGCGCGCGTAGGTGGTTTGATAAGCGAGATGTGAAAGCCCCGGGCTTAAC(1),0.0,0.045454545454545456,0.045454545454545456,0.0,0.0,0.0,0.0,0.0,0.0,0.0,0.5000000000000001,0.0,0.13636363636363635,0.0,0.045454545454545456,0.13636363636363635,0.0,0.09090909090909091,0.0,0.0
TACAGAGGTCCCAAGCGTTGTTCGGATTCACTGGGCGTAAAGGGTGCGTAGGCGGTCGGGTAAGTCTGACGTGAAATCTTCGAGCTCAAC(1),0.0,0.0,0.0,0.0,0.0,0.0,0.0,0.0,0.0,0.0,0.42857142857142855,0.047619047619047616,0.2857142857142857,0.0,0.14285714285714285,0.09523809523809523,0.0,0.0,0.0,0.0
TACGTAGGAGGCAAGCGTTATCCGGATTTATTGGGCGTAAAGCGCGTGCAGGTGGTTTGGTAAGTTGGGTATGAAATCTCCTGGCTTAAC(1),0.0,0.023255813953488372,0.0,0.0,0.0,0.0,0.0,0.0,0.0,0.13953488372093023,0.6511627906976745,0.0,0.046511627906976744,0.0,0.023255813953488372,0.09302325581395349,0.0,0.023255813953488372,0.0,0.0
TACGGAGGGAGCTAGCGTTGTTCGGAATTACTGGGCGTAAAGCGCGCGTAGGCGGTTTATCAAGTCAGAGGTGAAATCCCGGGGCTCAAC(1),0.0,0.0,0.0,0.0,0.0,0.0,0.0,0.0,0.1,0.0,0.5333333333333333,0.0,0.26666666666666666,0.0,0.06666666666666667,0.03333333333333333,0.0,0.0,0.0,0.0
AACGTAGGAGGCGAGCGTTATCCGGATTTACTGGGCGTAAAGCGCGTGCAGGCGGTTTGGTAAGTTGGGCGTGAAAGCTCCCGGCTCAAC(1),0.0,0.0,0.0,0.0,0.0,0.0,0.0,0.0,0.0,0.0,0.6153846153846154,0.0,0.23076923076923078,0.0,0.0,0.15384615384615385,0.0,0.0,0.0,0.0
TACGGAGGGTGCAAGCGTTATTCGGAATCACTGGGCGTAAAGGACGCGTAGGCGGGATGCCAAGTCTGATGTGAAATCCTATGGCTTAAC(1),0.0,0.0,0.0,0.0,0.0,0.0,0.0,0.0,0.0,0.0,0.7142857142857141,0.0,0.14285714285714285,0.0,0.0,0.14285714285714285,0.0,0.0,0.0,0.0
TACGGAGGGGGCGAGCGTTGTTCGGAATTACTGGGCGTAAAGGGCGCGTAGGCGGACGATCAAGTCAGGGGTGAAAGTCCTGGGCTCAAC(1),0.0,0.0,0.0,0.0,0.0,0.0,0.0,0.0,0.0,0.0,0.7999999999999999,0.0,0.0,0.0,0.1,0.1,0.0,0.0,0.0,0.0
TACGGAGGGCGCAAGCGTTACTCGGAATCACTGGGCGTAAAGAGCGTGTAGGCGGGTTAATAAGTCAGAAGTGAAATCCTATAGCTCAAC(1),0.0,0.0,0.0,0.0,0.0,0.0,0.0,0.0,0.0,0.0,0.7391304347826084,0.0,0.043478260869565216,0.0,0.0,0.21739130434782608,0.0,0.0,0.0,0.0
CACGTATGGGGCAAGCGTTGTTCGGAATTACTGGGCGTAAAGGGTGCGCAGGCGGTTCAGCAAGCTCGGTGTTAAATACCCCGGCCCAAC(1),0.0,0.0,0.0,0.0,0.0,0.0,0.0,0.0,0.0,0.0,0.8333333333333336,0.0,0.0,0.0,0.0,0.16666666666666666,0.0,0.0,0.0,0.0
TACGGGGGGGGCGAGCGTTGTTCGGAATTACTGGGCGTAAAGGGCGCGTAGGCGGTTTCGGAAGTCATGGGTGAAAGTCCTCGGCTCAAC(1),0.0,0.0,0.0,0.0,0.0,0.0,0.0,0.0,0.0,0.0,0.846153846153846,0.0,0.0,0.0,0.07692307692307693,0.0,0.0,0.07692307692307693,0.0,0.0
TACGTAGGTGGCAAGCGTTGTCCGGATTTATTGGGTTTAAAGGGTGCGTAGGCGGCTTTGTAAGTCAGTGGTGAAATATGTCAGCTTAAC(1),0.0,0.0,0.0,0.0,0.0,0.0,0.0,0.0,0.08333333333333333,0.0,0.6666666666666666,0.0,0.16666666666666666,0.0,0.08333333333333333,0.0,0.0,0.0,0.0,0.0
CACGTACCGGACGAACGTTATTCGGAATCACTGGGCTTAAAGAGTCCGTAGGCGGCTCGGTAGGTGAGGTGTGAAATCCCACGGCTCAAC(1),0.0,0.0,0.0,0.0,0.0,0.0,0.0,0.0,0.0,0.041666666666666664,0.625,0.0,0.31249999999999994,0.0,0.0,0.020833333333333332,0.0,0.0,0.0,0.0
TACGGGGGGGGCGAGCGTTGTCCGGAATTATTGGGCGTAAAGGGCGCGTAGGCGGAATAGTAAGTCAGAAGTGAAAATCATGGGCTTAAC(1),0.0,0.0,0.0,0.0,0.0,0.0,0.0,0.0,0.0,0.0,0.6190476190476191,0.0,0.2857142857142857,0.0,0.047619047619047616,0.0,0.0,0.047619047619047616,0.0,0.0
TACGGGGGGGACTAACGTTGTTCGGATTTACTGGGCGTAAAGGGTGCGTAGGCGGACCTTCAAGTCGGATGTGAAAACTATAGGCTCAAC(1),0.0,0.0,0.0,0.0,0.0,0.0,0.0,0.0,0.0,0.11538461538461539,0.8076923076923074,0.0,0.07692307692307693,0.0,0.0,0.0,0.0,0.0,0.0,0.0
TACGAAGGTGGCGAGCGTTGTTCGGATTTACTGGGCGTAAAGAGCACGTAGGCGGTTGGGTAAGCCTCTTGGGAAATCTCCCGGCTTAAC(1),0.017241379310344827,0.0,0.0,0.0,0.0,0.0,0.0,0.0,0.0,0.034482758620689655,0.7068965517241381,0.0,0.15517241379310348,0.0,0.034482758620689655,0.017241379310344827,0.0,0.034482758620689655,0.0,0.0
TACAGAGGTGGCGAACGTTGTTCGGATTTACTGGGCGTAAAGGGTCCGCAGGCGGTCCGGTGTGTCGGATGTGAAAGCTCACAGCTCAAC(1),0.0,0.0,0.0,0.0,0.0,0.0,0.0,0.0,0.0,0.0,0.9285714285714283,0.0,0.0,0.0,0.0,0.07142857142857142,0.0,0.0,0.0,0.0
TACGGAGGGGGCTAGCGTTGTTCAGAATTACTGGGCGTAAAGGGCGCGTAGGCGGCCTGCCAAGTCAGGGGTGAAAGGCCCGGGCTCAAC(1),0.0,0.0,0.0,0.0,0.0,0.0,0.0,0.0,0.0,0.0,0.7999999999999999,0.0,0.2,0.0,0.0,0.0,0.0,0.0,0.0,0.0
TACGGAGGGGACAAGCGTTATTCGGAATTATTGGGCGTAAAGGGTGCGCAGGCGGTTTGTTAAGTGAGAAGTGAAAGCCCACGGCTTAAC(1),0.0,0.0,0.0,0.0,0.0,0.0,0.0,0.0,0.0,0.0,0.75,0.0,0.25,0.0,0.0,0.0,0.0,0.0,0.0,0.0
TACAGAGGTCACAAACGTTGTCCGGAATCACTGGGCGTAAAGGGCATGCAGGTGGTCAGGTAAGTCAGGTGTGAAATCTTCGGGCTCAAC(1),0.0,0.0,0.0,0.0,0.0,0.0,0.0,0.0,0.0,0.0,0.7272727272727274,0.0,0.2727272727272727,0.0,0.0,0.0,0.0,0.0,0.0,0.0
TACGGAGGGGACTAGCGTTGTTCGGAATTACTGGGCGTAAAGCGTACGTAGGCGGATCAGAAAGTATGGGGTGAAATCCCAGGGCTCAAC(1),0.0,0.0,0.0,0.0,0.0,0.0,0.0,0.0,0.0,0.0,0.7121212121212116,0.0,0.24242424242424232,0.0,0.0,0.045454545454545456,0.0,0.0,0.0,0.0
TACTGAGGGTGCAAGCGTTAATCGGAATTACTGGGCGTAAAGCGAGTGTAGGCGGCTATTTAAGTCGGATGTGAAATCCCCGGGCTCAAC(1),0.0,0.0,0.0,0.0,0.0,0.0,0.0,0.0,0.0,0.037037037037037035,0.703703703703703,0.0,0.24074074074074073,0.0,0.0,0.018518518518518517,0.0,0.0,0.0,0.0
TACGTACTGTGCAAACGTTATTCGGAATCACTGGGCTTAAAGGGTGCGTAGGCGGTTGATTAAGTAGGGTGTGAAAGCTCTCGGCCTAAC(1),0.0,0.0,0.0,0.0,0.0,0.0,0.0,0.0,0.0,0.0,0.9090909090909093,0.0,0.09090909090909091,0.0,0.0,0.0,0.0,0.0,0.0,0.0
CACAGAGGGTGCAAACGTTGTTCGGAATCACTGGGCATAAAGCGCACGTAGGCGGCTTGGTAAGTGTGAAGTGAAAGCCCACGGCTCACC(1),0.0,0.0,0.0,0.0,0.0,0.0,0.0,0.0,0.0,0.0,0.9230769230769229,0.0,0.07692307692307693,0.0,0.0,0.0,0.0,0.0,0.0,0.0
TACGGAGGGTCCGAGCGTTATCCGGAATCATTGGGTTTAAAGGGTCCGTAGGCGGGCTTCTAAGTCAGTGGTGAAATCTTACAGCTCAAC(1),0.0,0.0,0.0,0.0,0.0,0.0,0.0,0.0,0.0,0.0,0.9285714285714283,0.0,0.07142857142857142,0.0,0.0,0.0,0.0,0.0,0.0,0.0
TACGGAGGGGGCTAGCGTTGTTCGGAATTACTGGGCGTAAAGGGCGCGTAGGCGGTATGCCATGTCAGGGGTGAAAGGCCTGGGCTCAAC(1),0.0,0.0,0.0,0.0,0.0,0.0,0.0,0.0,0.0,0.0,0.9333333333333332,0.0,0.06666666666666667,0.0,0.0,0.0,0.0,0.0,0.0,0.0
TACGTAGGTGGCAAGCGTTGTCCGGATTTACTGGGTGTAAAGGGCGTGTAGGCGGGAATACAAGTCAGATGTGAAATACTGCGGCTCAAC(1),0.0,0.0,0.0,0.0,0.0,0.0,0.0,0.0,0.0,0.0,0.8387096774193543,0.0,0.12903225806451613,0.0,0.0,0.03225806451612903,0.0,0.0,0.0,0.0
TACGGAGGGGGCCAGCGTTGTTCGGAATTATTGGGCGTAAAGGGCGCGCAGGCGGTCGCGCAAGTCGGTTGTGAAATCCCCTGGCTTACC(1),0.0,0.0,0.0,0.0,0.0,0.0,0.0,0.0,0.0,0.027777777777777776,0.8611111111111114,0.0,0.08333333333333333,0.0,0.0,0.027777777777777776,0.0,0.0,0.0,0.0
TACGAATGGTCCAAGCGTTGTTCGGAATCACTGGGCTTAAAGCGCACGTAGGCGGAACGTTAAGTGTCTTGTGAAATCCCTACGGCTTAA(1),0.0,0.0,0.0,0.0,0.0,0.0,0.0,0.0,0.0,0.0,0.9523809523809528,0.0,0.0,0.0,0.047619047619047616,0.0,0.0,0.0,0.0,0.0
TACGGGGGTCCCAAGCGTTGTTCGGATTCACTGGGCGTAAAGGGTGCGTAGGCGGCAAGATCAGTTTGGTGTGAAAGCTCCGGGCTCAAC(1),0.0,0.0,0.0,0.0,0.0,0.0,0.0,0.0,0.0,0.0,1.0000000000000002,0.0,0.0,0.0,0.0,0.0,0.0,0.0,0.0,0.0
TACGGGGGGAGCAAGCGTTATTCGGATTTATTGGGCGTAAAGGGTTCGTAGGCGGTCAGGTTAGTCAGGGGTGAAATCTAACGGCTCAAC(1),0.0,0.0,0.0,0.0,0.0,0.0,0.0,0.0,0.0,0.0,1.0000000000000002,0.0,0.0,0.0,0.0,0.0,0.0,0.0,0.0,0.0
TACGGGGGGGGCAAGCGTTGTTCGGAATTACTGGGCGTAAAGGGCGCGCAGGCGGCTGGAGAAGTTCTGGGTGAAAGCCCCCGGCTCAAC(1),0.0,0.0,0.0,0.0,0.0,0.0,0.0,0.0,0.0,0.0,1.0000000000000002,0.0,0.0,0.0,0.0,0.0,0.0,0.0,0.0,0.0
TACGGAGGGTGCAAGCGTTAATCGGAATTACTGGGCGTAAAGCGTACGTAGGCGGATATTTAAGTCAGATGTGAAAGCCCCGGGCTCAAC(1),0.0,0.0,0.0,0.0,0.0,0.0,0.0,0.0,0.0,0.0,1.0,0.0,0.0,0.0,0.0,0.0,0.0,0.0,0.0,0.0
TACGGAGGGTGCGAACGTTAATCGGAATTACTGGGCGTAAAGCGCGCGTAGGCGGTTCGACAAGTGGGGTGTGAAAGCCCAGGGCTTAAC(1),0.0,0.0,0.0,0.0,0.0,0.0,0.0,0.0,0.0,0.0,0.9999999999999999,0.0,0.0,0.0,0.0,0.0,0.0,0.0,0.0,0.0
TACGGGGGGGGCGAGCGTTGTTCGGAATTACTGGGCGTAAAGGGCGCGTAGGCGGACCGAGAAGTTTTGGGTGAAAGCCCCGGGCTCAAC(1),0.0,0.0,0.0,0.0,0.0,0.0,0.0,0.0,0.0,0.0,0.9999999999999999,0.0,0.0,0.0,0.0,0.0,0.0,0.0,0.0,0.0
TACGTAGGTGGCGAGCGTTATCCGGATTTACTGGGCGTAAAGCGCGTGCAGGCGGTTCCGTAAGTCGGACGTGAAAGCTCCTGGCTTAAC(1),0.0,0.0,0.0,0.0,0.0,0.0,0.0,0.0,0.0,0.0,0.9999999999999999,0.0,0.0,0.0,0.0,0.0,0.0,0.0,0.0,0.0
TACGAAGGTCCCAAGCGTTGTTCGGATTTACTGGGCGTAAAGAGTCTGTAGGCGGTGTGGTAAGTCAGATGTGAAATCCCGGGGCTCAAC(1),0.0,0.0,0.0,0.0,0.0,0.0,0.0,0.0,0.0,0.0,0.5238095238095237,0.0,0.42857142857142855,0.0,0.0,0.047619047619047616,0.0,0.0,0.0,0.0
TACGGAGGGTGCAAGCGTTATCCGGATTTATTGGGTTTAAAGGGTGCGTAGGCGGAAGAATAAGTCAGTGGTGAAATCTTGCAGCTTAAC(1),0.0,0.0,0.0,0.0,0.0,0.0,0.0,0.0,0.0,0.0,0.3333333333333333,0.0,0.4666666666666666,0.0,0.0,0.2,0.0,0.0,0.0,0.0
TACGGAGGGTGCAAGCGTTATCCGGATTTATTGGGTTTAAAGGGTCCGTAGGTGGGATTGTAAGTCAGTGGTGAAATCTTTCGGCTCAAC(1),0.0,0.0,0.0,0.0,0.0,0.0,0.0,0.0,0.0,0.0,0.39999999999999997,0.06666666666666667,0.5333333333333333,0.0,0.0,0.0,0.0,0.0,0.0,0.0
GACGGAGGGCGCAAGCGTTGTTCGGAATTACTGGGCGTAAAGGGCGGGCAGGTGGTCTGTTAAGTCGTCTGTGAAAATCCGGGGCTCAAC(1),0.0,0.0,0.0,0.0,0.0,0.0,0.0,0.0,0.0,0.0,0.4,0.0,0.5,0.0,0.0,0.1,0.0,0.0,0.0,0.0
TACGGAGGATGCAAGCGTTATCCGGATTTATTGGGTTTAAAGGGTACGTAGGCGGAAAATTAAGTCAGTGATGAAATCCTGCAGCTTAAC(1),0.0,0.0,0.0,0.0,0.0,0.0,0.0,0.0,0.0,0.0,0.2727272727272727,0.0,0.7272727272727274,0.0,0.0,0.0,0.0,0.0,0.0,0.0
TACGGAGGATGCAAGCGTTATCCGGATTCATTGGGTTTAAAGGGTGCGCAGGCGGGTTTGTAAGTCAGTGGTGAAATCCTGCCGCTTAAC(1),0.0,0.0,0.0,0.0,0.0,0.0,0.0,0.0,0.0,0.0,0.3076923076923077,0.0,0.6153846153846154,0.0,0.0,0.07692307692307693,0.0,0.0,0.0,0.0
TACGGAGGGTGCAAACGTTGTTCGGAATTATTGGGCGTAAAGAGCATGTAGGCGGCTCGCCAAGTCTGATGTGAAAGCCCTGGGCTCAAC(1),0.0,0.0,0.0,0.0,0.0,0.0,0.0,0.0,0.0,0.0,0.3076923076923077,0.0,0.6153846153846154,0.0,0.0,0.07692307692307693,0.0,0.0,0.0,0.0
TACGTAGGGGGCAAGCGTTGTCCGGAATTATTGGGCGTAAAGAGCGCGTAGGCGGTCCGGTAAGTCGGTTGTGAAAGTCGGGGGCTCAAC(1),0.16666666666666666,0.0,0.0,0.08333333333333333,0.0,0.0,0.0,0.0,0.49999999999999994,0.0,0.0,0.0,0.0,0.0,0.25,0.0,0.0,0.0,0.0,0.0
TACGTAGGGGTCGAGCGTTGTCCGGAGTTACTGGGCGTAAAGCGTGCGCAGGCGGCTCATTGCGCCCGGCGTGAAAGCCCCCGGCTCAAC(1),0.21428571428571427,0.07142857142857142,0.14285714285714285,0.14285714285714285,0.0,0.0,0.14285714285714285,0.0,0.21428571428571427,0.0,0.07142857142857142,0.0,0.0,0.0,0.0,0.0,0.0,0.0,0.0,0.0
TACGAAGGGTGCAAGCGTTATTCGGAATCATTGGGCGTAAAGCGCGCGCAGGCGGATTGATAAGTCAGGTGTGAAATCTCGAGGCTCAAC(1),0.15384615384615385,0.0,0.07692307692307693,0.0,0.0,0.0,0.0,0.07692307692307693,0.0,0.07692307692307693,0.07692307692307693,0.0,0.23076923076923078,0.0,0.23076923076923078,0.07692307692307693,0.0,0.0,0.0,0.0
TACGTAGGAGGCGAGCGTTGTCCGGAGTTACTGGGCGTAAAGCGCACGCAGGCGGTCCTATTAGTCTGGGGTGACAGTTCCCGGCTTAAC(1),0.0,0.0,0.0,0.0,0.0,0.3333333333333333,0.0,0.41666666666666663,0.25,0.0,0.0,0.0,0.0,0.0,0.0,0.0,0.0,0.0,0.0,0.0
TACGTATGTCGCAAGCGTTATCCGGATTTATTGGGCGTAAAGCGCGTCTAGGCGGCAAGGAAAGTCTGATGTGAAAATGCGGGGCTCAAC(1),0.25,0.0,0.4375,0.0,0.1875,0.0,0.0,0.0,0.0,0.0,0.0,0.125,0.0,0.0,0.0,0.0,0.0,0.0,0.0,0.0
GAACGAGCTCTCCAAACGTTATTCGGTATTACTGGGCTTAAAGAGTTCGTAGGCGGCTCTGTAGGTGAGATGTGAAAGCCCTCGGCTTAA(1),0.047619047619047616,0.047619047619047616,0.0,0.0,0.14285714285714285,0.0,0.0,0.0,0.047619047619047616,0.0,0.0,0.6190476190476191,0.0,0.0,0.09523809523809523,0.0,0.0,0.0,0.0,0.0
GACGGAGGAGGCAAGCGTTATCCGGAATTATTGGGCGTAAAGCGTCCGCAGGTGGTTTTACAAGTCTGTTGTTAAAGCGCGAGGCTCAAC(1),0.0,0.0,0.0,0.0,0.0,0.0,0.0,0.0,0.14285714285714285,0.21428571428571427,0.0,0.5714285714285713,0.07142857142857142,0.0,0.0,0.0,0.0,0.0,0.0,0.0
TACGGAGGGTGCGAGCGTTATCCGGAATCACTGGGTTTAAAGGGTGCGTAGGCGGTCTGATAAGTCAGTTGTGAAATTCCTCGGCTTAAC(1),0.0,0.0,0.0,0.0,0.05555555555555555,0.0,0.0,0.0,0.2222222222222222,0.05555555555555555,0.0,0.5555555555555557,0.0,0.0,0.1111111111111111,0.0,0.0,0.0,0.0,0.0
TACGTAGGTGGCAAGCGTTGTCCGGAATTATTGGGCGTAAAGCGCGCGTAGGCGGTCCTTTAAGTCTGATGTGAAATCTTGCGGCTCAAC(1),0.0,0.0,0.09090909090909091,0.0,0.09090909090909091,0.0,0.0,0.0,0.2727272727272727,0.0,0.0,0.5454545454545455,0.0,0.0,0.0,0.0,0.0,0.0,0.0,0.0
TACGTAGGGGCCAAGCGTTGCCCGGATTTACTGGGCGTAAAGAGCGCGTAGGCGGTTGCGCAAGTCTGCTGTGAAATCTCTCGGCTCAAC(1),0.0,0.0,0.0,0.0,0.0,0.0,0.0,0.0,0.1,0.0,0.0,0.8999999999999999,0.0,0.0,0.0,0.0,0.0,0.0,0.0,0.0
GACAGAGGAGGCAAGCGTTATCCGGAATTATTGGGCGTAAAGCGTCCGTAGGTGGTTTGACAAGTCTGGGGTTAAAGCCCGGAGCCCAAC(1),0.0,0.0,0.0,0.0,0.0,0.0,0.0,0.0,0.0,0.0,0.0,1.0,0.0,0.0,0.0,0.0,0.0,0.0,0.0,0.0
TACGTAGGTGGCGAGCGTTATCCGGAATGATTGGGCGTAAAGGGTGCGTAGGCGGCCTGTTAAGTCTGAAGTGAAAGGTACCGGCTCAAC(1),0.15789473684210525,0.0,0.0,0.0,0.0,0.0,0.10526315789473684,0.0,0.10526315789473684,0.0,0.0,0.631578947368421,0.0,0.0,0.0,0.0,0.0,0.0,0.0,0.0
TACGTAGGGGGCTAGCGTTGTCCGGATTCATTGGGCGTAAAGCGCGTGTAGGCGGCCAGGTAGGTCCGATGTGAAAACTGGAGGCTCAAC(1),0.0,0.0,0.0,0.0,0.0,0.0,0.0,0.0,0.2727272727272727,0.0,0.0,0.7272727272727274,0.0,0.0,0.0,0.0,0.0,0.0,0.0,0.0
TACAGAGGTGGCAAGCGTTGTTCGGAATTACTGGGCGTAAAGGGCGCGTAGGCGGTCTTGTAAGTCCCGTGTGAAAGCCCCCGGCTCAAC(1),0.0,0.0,0.0,0.0,0.0,0.0,0.0,0.0,0.14285714285714285,0.09523809523809523,0.0,0.7142857142857144,0.0,0.0,0.047619047619047616,0.0,0.0,0.0,0.0,0.0
TACGGAGGGGGCTAGCGTTGTTCGGAATTACTGGGCGTAAAGGGCGTGTAGGCGGTTTGCCGAGTCAGATGTGAAAGCCCCGGGCTTAAC(1),0.0,0.0,0.08333333333333333,0.0,0.0,0.0,0.08333333333333333,0.0,0.16666666666666666,0.0,0.0,0.6666666666666666,0.0,0.0,0.0,0.0,0.0,0.0,0.0,0.0
TACGGAGGGTGCAAGCGTTGTCCGGATTTATTGGGTTTAAAGGGTGCGTAGGCGGCTGTGTAAGTCAGTGGTGAAATCCCAGGGCTCAAC(1),0.04,0.0,0.08,0.0,0.0,0.0,0.08,0.0,0.08,0.0,0.0,0.7200000000000001,0.0,0.0,0.0,0.0,0.0,0.0,0.0,0.0
TACGTAGGGGGCAAGCGTTGTCCGGAATTATTGGGCGTAAAGGGCGCGCAGGCGGCCTCTTAAGTCTGATGTGAAAGCCCGCAGCTCAAC(1),0.0,0.0,0.1,0.0,0.0,0.0,0.03333333333333333,0.0,0.1,0.0,0.0,0.7333333333333333,0.0,0.0,0.03333333333333333,0.0,0.0,0.0,0.0,0.0
AACGTAGGGGACAAGCGTTATCCGGATTTATTGGGCGTAAAGCGCCCGTAGGCGGCACGGTAAGTTGGACGTGAAAGCTCCCGGCTTAAC(1),0.0,0.0,0.09523809523809523,0.0,0.0,0.0,0.047619047619047616,0.0,0.09523809523809523,0.0,0.0,0.7619047619047621,0.0,0.0,0.0,0.0,0.0,0.0,0.0,0.0
TACGTAGGGGGCGAGCGTTATCCGGAATTATTGGGCGTAAAGAGTGCGTAGGTGGCATCTTAAGCGCAGGGTTTAAGGCAATGGCTCAAC(1),0.4705882352941177,0.11764705882352941,0.35294117647058826,0.0,0.0,0.0,0.0,0.0,0.058823529411764705,0.0,0.0,0.0,0.0,0.0,0.0,0.0,0.0,0.0,0.0,0.0
CACGTAAGTTGCGAGCGTTGTTCGGAATTATTGGGCGTAAAGGGCATGTAGGCGGAAATGCAAGCTTGATGTGAAATACTGCAGCTTAAC(1),0.36363636363636365,0.0,0.4545454545454546,0.0,0.0,0.0,0.0,0.0,0.0,0.0,0.0,0.0,0.0,0.09090909090909091,0.09090909090909091,0.0,0.0,0.0,0.0,0.0
CACGTAAGGTGCGAGCGTTGTTCGGAATTATTGGGCGTAAAGGGCATGTAGGCGGATGAGCAAGCTTGGTGTGAAATGCTACAGCTTAAC(1),0.35714285714285704,0.03571428571428571,0.607142857142857,0.0,0.0,0.0,0.0,0.0,0.0,0.0,0.0,0.0,0.0,0.0,0.0,0.0,0.0,0.0,0.0,0.0
TACGTAGGGAGCGAGCGTTATCCGGATTTATTGGGTGTAAAGGGTGCGTAGACGGAAATGCAAGTTAGTTGTGAAATACCTCGGCTTAAC(1),0.2153846153846154,0.015384615384615385,0.6769230769230763,0.015384615384615385,0.0,0.0,0.0,0.0,0.0,0.0,0.0,0.015384615384615385,0.0,0.06153846153846154,0.0,0.0,0.0,0.0,0.0,0.0
TACGTAGGGGGCAAGCGTTATCCGGAATTACTGGGCGTAAAGGGTGCGTAGGCGGCTTTTCAAGTCAAGGCTTAAAGGCTAACGGCTCAA(1),0.7272727272727274,0.0,0.18181818181818182,0.0,0.0,0.0,0.0,0.0,0.0,0.0,0.0,0.0,0.0,0.09090909090909091,0.0,0.0,0.0,0.0,0.0,0.0
TACGGAGGGTGCAAGCGTTATCCGGATTTATTGGGTTTAAAGGGTCCGTAGGCGGACTTGTAAGTCAGTGGTGAAATCTCATAGCTTAAC(1),0.5000000000000001,0.0,0.0,0.0,0.0,0.0,0.2777777777777778,0.0,0.0,0.0,0.0,0.2222222222222222,0.0,0.0,0.0,0.0,0.0,0.0,0.0,0.0
TACGTAGGGTGCGAGCGTTAATCGGAATTACTGGGCGTAAAGCGAGCGCAGACGGTTTGTTAAGCAGGATGTGAAATCCCCGGGCTCAAC(1),0.6,0.0,0.1,0.0,0.0,0.0,0.0,0.0,0.0,0.0,0.0,0.2,0.0,0.1,0.0,0.0,0.0,0.0,0.0,0.0
TACGTAGGGGGCAAGCGTTATCCGGAATAACTGGGCGTAAAGGGTGCGCAGGTGGTCTGTCAAGTTAGTGGTGAAAGGCATAGGCTCAAC(1),0.5833333333333333,0.0,0.25,0.0,0.0,0.0,0.0,0.0,0.0,0.0,0.0,0.16666666666666666,0.0,0.0,0.0,0.0,0.0,0.0,0.0,0.0
TACGGAGGGTGCAAGCGTTACCCGGAATCACTGGGCGTAAAGGGCGTGTAGGCGGCCTGCCAAGTCTGGTTTTAAAGCCTGCGGCTCAAC(1),0.5384615384615383,0.0,0.11538461538461539,0.0,0.0,0.07692307692307693,0.15384615384615385,0.0,0.0,0.0,0.0,0.11538461538461539,0.0,0.0,0.0,0.0,0.0,0.0,0.0,0.0
TACGTAAGGACCGAGCGTTGTCCGGAATCATTGGGCGTAAAGGGTACGTAGGCGGTTTTTTAAGTTAGAAGTCAAAGGCTATAGCTCAAC(1),0.5333333333333333,0.13333333333333333,0.06666666666666667,0.0,0.13333333333333333,0.0,0.0,0.0,0.0,0.0,0.0,0.0,0.0,0.13333333333333333,0.0,0.0,0.0,0.0,0.0,0.0
TACGGAGGATCCAAGCGTTATCCGGATTTATTGGGTTTAAAGGGTGCGTAGGCGGTCCTATAAGTCAGTGGTGAAAGACGGCAGCTTAAC(1),0.5454545454545451,0.0,0.045454545454545456,0.030303030303030304,0.07575757575757576,0.0,0.07575757575757576,0.0,0.015151515151515152,0.015151515151515152,0.0,0.06060606060606061,0.0,0.09090909090909091,0.045454545454545456,0.0,0.0,0.0,0.0,0.0
TACAGAGGGTGCAAGCGTTAATCGGAATTACTGGGCGTAAAGCGAGCGTAGGTGGCTTGATAAGTCAGATGTGAAAGCCCCGGGCTTAAC(1),0.4864864864864865,0.02702702702702703,0.10810810810810811,0.02702702702702703,0.0,0.02702702702702703,0.02702702702702703,0.0,0.0,0.0,0.02702702702702703,0.05405405405405406,0.02702702702702703,0.16216216216216217,0.02702702702702703,0.0,0.0,0.0,0.0,0.0
TACGTAGGTGGCAAGCGTTGTCCGGATTTATTGGGTTTAAAGGGTGCGTAGGCGGTTTTATAAGTCAGTGGTGAAATACAACAGCTTAAC(1),0.21052631578947367,0.0,0.0,0.0,0.0,0.0,0.0,0.0,0.0,0.3157894736842105,0.3157894736842105,0.0,0.0,0.0,0.15789473684210525,0.0,0.0,0.0,0.0,0.0
TACGTAGGTGGCAAGCGTTATCCGGAATGATTGGGCGTAAAGGGTGCGTAGGTGGTGCATTAAGTCTGAAGTAAAAGCCAGCAGCTCAAC(1),0.0,0.0,0.08333333333333333,0.1111111111111111,0.08333333333333333,0.0,0.22222222222222227,0.0,0.08333333333333333,0.0,0.0,0.388888888888889,0.0,0.0,0.027777777777777776,0.0,0.0,0.0,0.0,0.0
TACGTAGGGCGCAAGCGTTATCCGGAATTATTGGGCGTAAAGAGCTCGTAGGCGGTTTGTCGCGTCTGCCGTGAAAGTCCGAGGCTCAAC(1),0.18461538461538463,0.0,0.13846153846153847,0.0,0.07692307692307693,0.0,0.2,0.0,0.046153846153846156,0.0,0.0,0.3230769230769231,0.0,0.015384615384615385,0.015384615384615385,0.0,0.0,0.0,0.0,0.0
TACGGAGGGAGCTAGCGTTGTTCGGAATTACTGGGCGTAAAGCGCACGTAGGCGGCGTTTCAAGTCAGAGGTGAAAGCCTGGAGCTCAAC(1),0.1875,0.0,0.1875,0.0,0.03125,0.0,0.0625,0.0,0.0625,0.0,0.0,0.4375,0.0,0.0,0.03125,0.0,0.0,0.0,0.0,0.0
TACGAAGGGTGCAAACGTTGCTCGGAATTATTGGGCGTAAAGCGCACGTAGGCGGCTTAGCAAGTCGGATGTGAAAGCCCTCGGCTCAAC(1),0.03571428571428571,0.0,0.0,0.0,0.0,0.0,0.0,0.28571428571428564,0.17857142857142855,0.0,0.0,0.39285714285714274,0.03571428571428571,0.0,0.07142857142857142,0.0,0.0,0.0,0.0,0.0
TACGTAGGTGGCAAGCGTTGTCCGGAATTATTGGGCGTAAAGCGCGCGCAGGTGGTTCCTTAAGTCTGATGTGAAAGCCCCCGGCTCAAC(1),0.11428571428571428,0.0,0.02857142857142857,0.02857142857142857,0.17142857142857143,0.0,0.11428571428571428,0.02857142857142857,0.11428571428571428,0.0,0.2,0.05714285714285714,0.05714285714285714,0.08571428571428572,0.0,0.0,0.0,0.0,0.0,0.0
TACGTATGTCGCAAGCGTTATCCGGATTTATTGGGCGTAAAGCGCGTCTAGGCGGTCTGGTAAGTCTGATGTGGAAATGCGGGGCTCAAC(1),0.25,0.0,0.1,0.0,0.05,0.0,0.05,0.0,0.05,0.0,0.0,0.15000000000000002,0.0,0.15000000000000002,0.05,0.15000000000000002,0.0,0.0,0.0,0.0
TACGGGGGATGCAAGTGTTATCCGGAATAATTGGGCGTAAAGCGTCTGTAGGTGGTTTACCAAGTCTGTTGTTAAAAATCAGGGCTCAAC(1),0.2,0.0,0.0,0.0,0.0,0.05,0.1,0.0,0.05,0.0,0.0,0.25,0.05,0.15000000000000002,0.15000000000000002,0.0,0.0,0.0,0.0,0.0
TACGGAGGGAGCTAGCGTTGTTCGGAATTACTGGGCGTAAAGCGCACGTAGGCGGCTTTGTAAGTTAGAGGTGAAAGCCTGGAGCTCAAC(1),0.18791946308724816,0.023489932885906038,0.0436241610738255,0.013422818791946308,0.016778523489932886,0.020134228187919462,0.2080536912751676,0.026845637583892613,0.033557046979865765,0.023489932885906038,0.010067114093959731,0.12751677852348986,0.016778523489932886,0.10067114093959727,0.12416107382550327,0.023489932885906038,0.0,0.0,0.0,0.0
TACGTAGGGTGCAAGCGTTAATCGGAATTACTGGGCGTAAAGCGTGCGCAGGCGGTTTTGTAAGTCTGTCGTGAAAGCCCCGGGCTCAAC(1),0.28125000000000006,0.015625,0.041666666666666664,0.005208333333333333,0.026041666666666664,0.0,0.13541666666666663,0.052083333333333336,0.0989583333333333,0.005208333333333333,0.005208333333333333,0.10416666666666663,0.0,0.18750000000000006,0.041666666666666664,0.0,0.0,0.0,0.0,0.0
TACGTAGGTGGCAAGCGTTGTCCGGAATTATTGGGCGTAAAGCGCGCGCAGGCGGCCTTTTAAGTCTGATGTGAAAGCCCCCGGCTCAAC(1),0.21052631578947376,0.0,0.042105263157894736,0.021052631578947368,0.0736842105263158,0.0,0.10526315789473686,0.042105263157894736,0.10526315789473686,0.010526315789473684,0.042105263157894736,0.05263157894736842,0.031578947368421054,0.14736842105263162,0.09473684210526317,0.010526315789473684,0.0,0.010526315789473684,0.0,0.0
GACGGAAGGTGCAAGCGTTGCTCGGAATCACTGGGCGTAAAGGGTGCGTAGGCGGCTTCTTAAGTCCGGTGTGAAAGCCCAGGGCTCAGC(1),0.0,0.0,0.0,0.0,0.0,0.0,0.1,0.0,0.8999999999999999,0.0,0.0,0.0,0.0,0.0,0.0,0.0,0.0,0.0,0.0,0.0
CACGTAGGGCGCAAGCGTTGTCCGGAATTATTGGGCGTAAAGAGCTCGTAGGCGGTCTGTTGCGTCCGCTGTGAAATCTCGGGGCTTAAC(1),0.0,0.0,0.0,0.0,0.0,0.0,0.0,0.0,0.875,0.0,0.0,0.0,0.0,0.0,0.0,0.125,0.0,0.0,0.0,0.0
TACGGGGGTGGCAAGCGTTACTCGGAATTATTGGGTGTAAAGGGCAAGTAGGCGGCCCATTAAGTGAGGGGTGAAATCCTGCGGCTTAAC(1),0.0,0.0,0.0,0.0,0.0,0.0,0.0,0.0,0.0,0.30000000000000004,0.0,0.0,0.1,0.0,0.4,0.2,0.0,0.0,0.0,0.0
GACAGAGGTGGCAAGCGTTGTTCGGATTCATTGGGTGTAAAGGGCAGGTAGGCTGTTTTGCAAGTCCGGCGTGAAATCCCAGGGCTCAAC(1),0.0,0.0,0.0,0.0,0.0,0.0,0.0,0.38888888888888895,0.05555555555555555,0.1111111111111111,0.0,0.0,0.0,0.0,0.2222222222222222,0.2222222222222222,0.0,0.0,0.0,0.0
TACGTAGGGGGCGAGCGTTGTCCGGAGTTACTGGGCGTAAAGGGCATGCAGGCGGTCAGGCGCGTTTTGTGTGACAGCGGATGGCTTAAC(1),0.0,0.0,0.0,0.07142857142857142,0.0,0.07142857142857142,0.0,0.0,0.5714285714285713,0.14285714285714285,0.07142857142857142,0.0,0.0,0.0,0.0,0.07142857142857142,0.0,0.0,0.0,0.0
TACAGAGGGTGCAAGCGTTGTTCGGAATTATTGGGCGTAAAGGGCGCGTAGGCGGTGCCACAAGTCACTTGTGAAATCTCCGGGCTTAAC(1),0.0,0.0,0.0,0.043478260869565216,0.0,0.08695652173913043,0.0,0.0,0.4347826086956521,0.043478260869565216,0.17391304347826086,0.0,0.0,0.0,0.043478260869565216,0.17391304347826086,0.0,0.0,0.0,0.0
TACGAAGGGGGCGAGCGTTGTTCGGATTTACTGGGCGTAAAGGGCGCGCAGGCGGCTCTGTTTGTCAGGCGTGAAAGCCCCGGGCTCAAC(1),0.0,0.0,0.0,0.07692307692307693,0.0,0.0,0.0,0.0,0.3076923076923077,0.07692307692307693,0.23076923076923078,0.0,0.0,0.0,0.07692307692307693,0.23076923076923078,0.0,0.0,0.0,0.0
TACGGAGGGTGCAAGCGTTATCCGGATTCACTGGGTTTAAAGGGTGCGTAGGTGGAATGGTAAGTCAGTGGTGAAATCTCCAAGCTTAAC(1),0.06666666666666667,0.0,0.13333333333333333,0.0,0.06666666666666667,0.0,0.0,0.13333333333333333,0.26666666666666666,0.0,0.0,0.26666666666666666,0.0,0.06666666666666667,0.0,0.0,0.0,0.0,0.0,0.0
GACGAAGGTGGCTAGCGTTATTCGGATTCACTGGGCATAAAGCGCGCGTAGGCGGCTCTTCAAGTCGGGGGTGAAAGCCTGCAGCTCAAC(1),0.0,0.0,0.0,0.0,0.0,0.0,0.0,0.25,0.3333333333333333,0.16666666666666666,0.0,0.0,0.0,0.0,0.08333333333333333,0.16666666666666666,0.0,0.0,0.0,0.0
TACGGAGGGTGCGAGCGTTGTCCGGAATCATTGGGCGTAAAGGGCGCGTAGGTGGCCTGCTAAGCGTGCGGTGAAAGTCGGGGGCTCAAC(1),0.0,0.0,0.18181818181818182,0.0,0.0,0.0,0.0,0.09090909090909091,0.36363636363636365,0.0,0.0,0.18181818181818182,0.0,0.0,0.18181818181818182,0.0,0.0,0.0,0.0,0.0
TACGGAGGGGGCTAGCGTTGTTCGGAATTACTGGGCGTAAAGCGCGCGTAGGCGGACCTGCAAGTCGGGGGTGAAAGCCCGAGGCTTAAC(1),0.0,0.0,0.0,0.0,0.0,0.0,0.0,0.0625,0.5,0.0,0.0,0.375,0.0,0.0,0.0,0.0625,0.0,0.0,0.0,0.0
TACAGAGGTGGCAAGCGTTGTTCGGATTTATTGGGCGTAAAGGGTCCGTAGGCGGCCTGAAAAGTCGGATGTGAAATCCCACAGCTTAAC(1),0.0,0.0,0.0,0.0,0.0,0.0,0.0,0.2,0.02857142857142857,0.2571428571428572,0.02857142857142857,0.02857142857142857,0.17142857142857143,0.0,0.2285714285714286,0.05714285714285714,0.0,0.0,0.0,0.0
TACAGAGACCTCAAGCGTTATCCGGATTCACTGGGCGTAAAGCGTCCGCAGGTGGTTCGTTAAGTCGTTTGTCAAATCCCGGTGCTCAAC(1),0.0,0.0,0.0,0.0,0.0,0.0,0.0,0.0,0.16666666666666666,0.16666666666666666,0.0,0.0,0.0,0.0,0.5833333333333333,0.08333333333333333,0.0,0.0,0.0,0.0
TACAGGGGGTGCAAACGTTGCTCGGAATCATTGGGCGTAAAGCGCACGTAGGCGGTCTGTTATGTCGGATGTGAAAGCCCTCGGCTCAAC(1),0.0,0.0,0.11538461538461539,0.0,0.0,0.038461538461538464,0.0,0.11538461538461539,0.46153846153846145,0.15384615384615385,0.0,0.038461538461538464,0.0,0.0,0.07692307692307693,0.0,0.0,0.0,0.0,0.0
TACGTAGGATCCGAGCGTTGTCCGGAATTACTGGGTGTAAAGGGCGTGTAGGTGGGCTTCTAAGTCGGTGGTGAAATGCTGCAGCTTAAC(1),0.06666666666666667,0.0,0.0,0.0,0.0,0.0,0.0,0.0,0.0,0.4666666666666666,0.0,0.0,0.0,0.0,0.4666666666666666,0.0,0.0,0.0,0.0,0.0
TACGTAGGTGGCGAGCGTTGTCCGGATTTACTGGGCGTAAAGAGCGCGCAGGCGGTCGGATAAGTCGAATGTGAAAGCCCCCGGCTTAAC(1),0.0,0.0,0.0,0.0,0.0,0.0,0.0,0.0,0.39999999999999997,0.39999999999999997,0.0,0.0,0.0,0.0,0.2,0.0,0.0,0.0,0.0,0.0
TACAGAGGGTGCGAGCGTTGTCCGGAATCACTGGGCGTAAAGGGCGCGTAGGTGGCGGGATAAGCGTGTGGTGAAAGCTCGGGGCTCAAC(1),0.0,0.0,0.0,0.0,0.0,0.0,0.0,0.0,0.5384615384615385,0.3076923076923077,0.0,0.0,0.0,0.0,0.15384615384615385,0.0,0.0,0.0,0.0,0.0
TACGAAGGGGGCTAGCGTTGCTCGGAATGACTGGGCGTAAAGGGCGCGTAGGCGGTTCGTACAGTCGGATGTGAAATTCCCGGGCTCAAC(1),0.0,0.0,0.0,0.0,0.0,0.0,0.0,0.13043478260869565,0.08695652173913043,0.34782608695652173,0.0,0.043478260869565216,0.0,0.0,0.3913043478260869,0.0,0.0,0.0,0.0,0.0
TACGAAGGGGGCTAGCGTTGTTCGGAATTACTGGGCGTAAAGCGCACGCAGGCGGATTGATAAGTCGGGGGTGAAATCCCGGGGCTCAAC(1),0.0,0.0,0.0,0.0,0.0,0.0,0.0,0.0,0.3571428571428571,0.21428571428571427,0.0,0.3571428571428571,0.0,0.0,0.07142857142857142,0.0,0.0,0.0,0.0,0.0
TACAGAGGGTGCGAGCGTTGTTCGGAATTATTGGGCGTAAAGCGCTTGTAGGCGGCTTGTTAAGTCCTGTGTGAAAGCCCTAGGCTTAAC(1),0.0,0.0,0.041666666666666664,0.0,0.0,0.0,0.0,0.08333333333333333,0.24999999999999997,0.29166666666666663,0.0,0.29166666666666663,0.041666666666666664,0.0,0.0,0.0,0.0,0.0,0.0,0.0
TACGGAGGGTGCAAGCGTTATCCGGATTCACTGGGTTTAAAGGGTGCGTAGGTGGGCAGGTAAGTCCGCGGTGAAATCCCCGAGCTTAAC(1),0.13513513513513514,0.0,0.013513513513513514,0.0,0.05405405405405406,0.0,0.0,0.0,0.0,0.2702702702702703,0.14864864864864866,0.1891891891891892,0.0,0.0,0.16216216216216217,0.02702702702702703,0.0,0.0,0.0,0.0
TACGTAGGCAGCAAGCGTTGTTCGGAATTACTGGGCGTAAAGAGTTCGTAGGCGGTGCGGCAAGTTTGGTGTGAAATCTCCCGGCTCAAC(1),0.11538461538461539,0.0,0.0,0.0,0.0,0.0,0.0,0.0,0.038461538461538464,0.19230769230769232,0.11538461538461539,0.19230769230769232,0.038461538461538464,0.0,0.3076923076923077,0.0,0.0,0.0,0.0,0.0
GACGAAGGATGCAAGCGTTATCCGGATTCATTGGGTTTAAAGGGTGCGTAGGCGGCCCGGTAAGTCAGTGGTGAAAGCCTGTTGCTTAAC(1),0.0,0.0,0.0,0.0,0.0,0.0,0.0,0.08,0.12,0.24000000000000002,0.08,0.24000000000000002,0.04,0.0,0.2,0.0,0.0,0.0,0.0,0.0
GACGAAGGATGCAAGCGTTATCCGGATTCATTGGGTTTAAAGGGTGCGTAGGCGGACCTGTAAGTCAGTGGTGAAATCTCTTTGCTTAAC(1),0.05952380952380952,0.0,0.011904761904761904,0.0,0.0,0.0,0.011904761904761904,0.023809523809523808,0.023809523809523808,0.2500000000000001,0.011904761904761904,0.20238095238095244,0.07142857142857142,0.011904761904761904,0.27380952380952395,0.047619047619047616,0.0,0.0,0.0,0.0
TACGTAGGGTGCAAGCATTGTCCGGATTTATTGGGCGTAAAGAGCTCGTAGGCGGCTTGTCACGTCGGGTGTGAAAACTCGGGGCTCAAC(1),0.0,0.0,0.0,0.0,0.0,0.0,0.0,0.09302325581395349,0.11627906976744186,0.30232558139534876,0.023255813953488372,0.13953488372093023,0.06976744186046512,0.0,0.25581395348837205,0.0,0.0,0.0,0.0,0.0
TACAGAGGTCCCAAGCGTTGTTCGGATTCACTGGGCGTAAAGGGTGCGTAGGCGGTCGGGTAAGTCTGACGTGAAATCTTCGAGCCTAAC(1),0.006896551724137931,0.0,0.0,0.0,0.0,0.006896551724137931,0.006896551724137931,0.006896551724137931,0.06896551724137931,0.3310344827586211,0.013793103448275862,0.15862068965517245,0.09655172413793103,0.0,0.24827586206896574,0.05517241379310345,0.0,0.0,0.0,0.0
TACGGAGGATGCAAGCGTTGTCCGGATTCATTGGGTTTAAAGGGTGCGTAGGCGGAGAATTAAGTCAGTGGTGAAAGCTTGCAGCTTAAC(1),0.0,0.0,0.0,0.0,0.0,0.0,0.0,0.0,0.0,0.41666666666666663,0.08333333333333333,0.3333333333333333,0.0,0.0,0.16666666666666666,0.0,0.0,0.0,0.0,0.0
TACGAGGGGTGCAAACGTTATTCGGAATCACTGGGCGTAAAGGGTGTGCAGACGGCGAAACAAGTCAGTTATAAAATCTCTTGGCTTAAC(1),0.0,0.0,0.0,0.0,0.0,0.0,0.0,0.0,0.0,0.4375,0.0,0.25,0.125,0.0,0.1875,0.0,0.0,0.0,0.0,0.0
GACAGAGGTGGCAAGCGTTGTTCGGATTTATTGGGTGTAAAGGGCAGGTAGGTGGCTATGTAAGTCTGGTGTGAAATCCCAGGGCTCAAC(1),0.0,0.0,0.0,0.0,0.0,0.0,0.0,0.0,0.23076923076923078,0.38461538461538464,0.0,0.0,0.15384615384615385,0.0,0.23076923076923078,0.0,0.0,0.0,0.0,0.0
AACGTAGGAGGCAAGCGTTATCCGGATTTACTGGGCGTAAAGCGTGTGCAGGTGGTTTGGTAAGTTGGATGTGAAAGCTCCTGGCTCAAC(1),0.0,0.0,0.0,0.0,0.0,0.0,0.0,0.0,0.2272727272727273,0.45454545454545464,0.0,0.0,0.045454545454545456,0.0,0.27272727272727276,0.0,0.0,0.0,0.0,0.0
TACGTAGGGGGCAAGCGTTGTCCGGATTTATTGGGCGTAAAGAGCGTGTAGGCGGTTAGATAGGTCCGTTGTGAAAACTCGAGGCTCAAC(1),0.0,0.0,0.0,0.0,0.0,0.0,0.0,0.0,0.29411764705882354,0.5882352941176471,0.0,0.11764705882352941,0.0,0.0,0.0,0.0,0.0,0.0,0.0,0.0
TACAGAGGAGCCAAGCGTTGTCCGGATTGACTGGGCGTAAAGCGCACGCAGGCGGCTGCGCGCGTGGGGTGTGAAATCTGGCCGCTTAAC(1),0.0,0.0,0.0,0.0,0.0,0.0,0.0,0.1764705882352941,0.0,0.6470588235294118,0.0,0.11764705882352941,0.0,0.0,0.058823529411764705,0.0,0.0,0.0,0.0,0.0
TACAGAGGAGGCAAGCGTTGTTCGGAATCACTGGGCTTAAAGCGCGTGTAGGTGGTCTAGCAAGTACTTTGTGAAATGCCTGGGCTCAAC(1),0.0,0.0,0.0,0.0,0.0,0.0,0.0,0.2,0.0,0.7333333333333333,0.0,0.06666666666666667,0.0,0.0,0.0,0.0,0.0,0.0,0.0,0.0
TACGTAGGTGGCAAGCGTTGTCCGGATTTATTGGGTTTAAAGGGTGCGTAGGCGGTTTTATAAGTCAGTGGTGAAATACAATAGCTTAAC(1),0.15789473684210525,0.0,0.0,0.0,0.0,0.0,0.0,0.0,0.0,0.6315789473684207,0.0,0.02631578947368421,0.0,0.0,0.18421052631578946,0.0,0.0,0.0,0.0,0.0
TACAGAGGTGGCAAGCGTTGTTCGGATTTACTGGGCGTAAAGGGTGCGTAGGAGGTTGTGTGTGTCGGATGTGAAATCTTGCTGTTCATC(1),0.0,0.0,0.0,0.0,0.0,0.0,0.0,0.0,0.1,0.4,0.1,0.4,0.0,0.0,0.0,0.0,0.0,0.0,0.0,0.0
TACGTAGGGGGCAAGCGTTGTCCGGATTTATTGGGCGTAAAGAGCTCGTAGGCGGTTCGATAAGTCGGGTGTGAAATCTCCAGGCTCAAC(1),0.0,0.0,0.0,0.0,0.0,0.0,0.023255813953488372,0.0,0.16279069767441862,0.3488372093023255,0.023255813953488372,0.3255813953488371,0.0,0.0,0.11627906976744186,0.0,0.0,0.0,0.0,0.0
TACGGGGGGAGCAAGCGTTGTTCGGAATCACTGGGCGTAAAGGGAGTGTAGGCGGTTCGGTAAGTGGGATGTGAAATGCCCCGGCTCACC(1),0.0,0.0,0.0,0.0,0.0,0.0,0.0,0.16129032258064516,0.12903225806451613,0.4516129032258063,0.0,0.1935483870967742,0.0,0.0,0.06451612903225806,0.0,0.0,0.0,0.0,0.0
TACGGAGGGTGCAAGCGTTATCCGGATTTATTAGGTTTAAAGGGTGTGTAGGCGGACTTTTAAGTCAGTGGTGAAATCCCGGGGCTCAAC(1),0.0,0.0,0.0,0.0,0.0,0.0,0.0,0.0,0.0,0.7142857142857144,0.23809523809523808,0.0,0.047619047619047616,0.0,0.0,0.0,0.0,0.0,0.0,0.0
TACGGAGGGTGCGAGCGTTAATCGGAATTACTGGGCGTAAAGCGCGCGTAGGCGGTTTGATAAGCTGGATGTGAAAGCCCTGGGCTCAAC(1),0.0,0.0,0.0,0.0,0.0,0.0,0.0,0.0,0.0,0.6153846153846154,0.3076923076923077,0.0,0.0,0.0,0.0,0.07692307692307693,0.0,0.0,0.0,0.0
TACAGAGGGTGCTAGCGTTGTTCGGAATTATTGGGCGTAAAGCGCGTGTAGGCGGCCAACCAAGTCGGATGTGAAAGCCCTCGGCTTAAC(1),0.0,0.0,0.0,0.0,0.0,0.0,0.0,0.0,0.0,0.6000000000000001,0.0,0.08571428571428572,0.02857142857142857,0.0,0.28571428571428575,0.0,0.0,0.0,0.0,0.0
TACAGAGGTCTCAACCGTTGTTCGGATTCATTGGGCGTAAAGGGTGCGTAGGCGGTCGCGTAAGTCGGGTGTGAAATCCCGGGGCTCAAC(1),0.0,0.0,0.0,0.0,0.0,0.0,0.0,0.0,0.0,0.5333333333333333,0.0,0.13333333333333333,0.0,0.0,0.3333333333333333,0.0,0.0,0.0,0.0,0.0
TACGTAGGATGCTAGCGTTGTCCGGATTTACTGGGTGTAAAGGGAGCGCAGGCGGGTTGGTAAGTCGGTGGTGAAATTCTTAGGCTTAAC(1),0.0,0.0,0.0,0.0,0.0,0.0,0.0,0.0,0.27272727272727276,0.5909090909090909,0.0,0.0,0.0,0.0,0.13636363636363635,0.0,0.0,0.0,0.0,0.0
TACGAAGGGGGCTAGCGTTGCTCGGAATTACTGGGCGTAAAGGGCGCGTAGGCGGATGACTAAGTTGGGGGTGAAAGCCCGGGGCTCAAC(1),0.0,0.0,0.0,0.0,0.0,0.0,0.0,0.0,0.27272727272727276,0.5454545454545455,0.0,0.0,0.0,0.0,0.13636363636363635,0.045454545454545456,0.0,0.0,0.0,0.0
AACGTAGGGGACGAGCGTTATCCGGATTTACTGGGCGTAAAGCGCATGTAGGTGGCTTGAAAAGTTGGACGTGAAAGCTCCTGGCTTAAC(1),0.0,0.0,0.0,0.0,0.0,0.0,0.0,0.07142857142857142,0.0,0.6428571428571427,0.0,0.2857142857142857,0.0,0.0,0.0,0.0,0.0,0.0,0.0,0.0
TACGGAGGGTGCAAGCGTTGTTCGGAATTACTGGGCGTAAAGCGCGTGTAGGTGGTTGAGTAAGTCGAATGTGAAAGCCCCGGGCTCAAC(1),0.01694915254237288,0.0,0.0,0.0,0.0,0.0,0.0,0.0,0.10169491525423728,0.5084745762711866,0.0,0.2203389830508475,0.0,0.0,0.15254237288135594,0.0,0.0,0.0,0.0,0.0
TACAGAGGTCTCAAGCGTTGTTCGGATTCATTGGGCGTAAAGGGTGCGTAGGTGGCGGGGTAAGTCGGATGTGAAATCCCGGGGCTCAAC(1),0.0,0.0,0.0,0.0,0.0,0.0,0.0,0.02564102564102564,0.10256410256410256,0.48717948717948734,0.0,0.28205128205128205,0.02564102564102564,0.0,0.05128205128205128,0.02564102564102564,0.0,0.0,0.0,0.0
TACGGAGGGTGCAAGCATTGATCGGAATTACTGGGCGTAAAGGGCGCGTAGGCGGCAAAATAAGTCAGATGTGAAATTCCACGGCTCAAC(1),0.0,0.0,0.0,0.0,0.0,0.0,0.0,0.0,0.07142857142857142,0.5714285714285713,0.0,0.3571428571428571,0.0,0.0,0.0,0.0,0.0,0.0,0.0,0.0
GACGTAGGTGGCGAGCGTTATCCGGATTTACTGGGCGTAAAGCGTTTGTAGGTGGCTTAGTAAGTTGGGCGTGAAATCTCCGGGCTTAAC(1),0.0,0.0,0.0,0.0,0.0,0.0,0.0,0.0,0.05128205128205128,0.5641025641025643,0.0,0.33333333333333337,0.0,0.0,0.05128205128205128,0.0,0.0,0.0,0.0,0.0
TACGGGGGGGGCAAGCGTTACTCGGAATTATTGGGCGTAAAGGGCGCGTAGGCGGTCGTGTGCGTCGGAGGTGAAATCCCCAGGCTTAAC(1),0.0,0.0,0.0,0.0,0.0,0.0,0.0,0.09090909090909091,0.09090909090909091,0.7272727272727274,0.09090909090909091,0.0,0.0,0.0,0.0,0.0,0.0,0.0,0.0,0.0
TACAGAGGGTGCGAGCGTTAATCGGAATCACTGGGCTTAAAGCGTTCGTAGGCGGATCTGTAGGCGCGTTGTGAAAGCCCTCGGCTCAAC(1),0.0,0.0,0.0,0.0,0.0,0.0,0.0,0.0,0.09090909090909091,0.6363636363636365,0.0,0.18181818181818182,0.0,0.0,0.09090909090909091,0.0,0.0,0.0,0.0,0.0
TACGGAGGTGGCAGGCGTTACTCGGATTGATTGGGTGTAAAGGGTGCGTAGGCGGTGAGTTAAGTCGAACGTGAAATCCCATGGCTCAAC(1),0.0,0.0,0.0,0.0,0.0,0.0,0.0,0.0,0.0,0.7272727272727274,0.09090909090909091,0.0,0.0,0.0,0.09090909090909091,0.09090909090909091,0.0,0.0,0.0,0.0
CACGAACTGTGCGAACGTTATTCGGAATTACTGGGCTTAAAGAGTTCGTAGGCGGCTTGTTAAGTCGGGTGTGAAATCCCTCGTCTCAAC(1),0.0,0.0,0.0,0.0,0.0,0.0,0.0,0.0,0.0,0.7272727272727274,0.09090909090909091,0.0,0.0,0.0,0.18181818181818182,0.0,0.0,0.0,0.0,0.0
AACGTAGGTGGCAAGCGTTATCCGGATTCACTGGGCGTAAAGCGCGTGCAGGTGGTTCTGTAAGTTGGATGTTAAATCTTCCGGCCTAAC(1),0.0,0.0,0.0,0.0,0.0,0.0,0.0,0.0,0.0,0.7272727272727274,0.0,0.0,0.0,0.0,0.2727272727272727,0.0,0.0,0.0,0.0,0.0
TACGTATGGGGCGAGCGTTGTTCGGAGTTATTGGGCGTAAAGGGCGTGTAGGCGGTCCGAGAAGTCTGGTGTGAAATCGCAGGGCTCAAC(1),0.0,0.0,0.0,0.0,0.0,0.0,0.0,0.0,0.0,0.777777777777778,0.0,0.0,0.0,0.0,0.2222222222222222,0.0,0.0,0.0,0.0,0.0
TACGAAGGGGGCTAGCGTTGCTCGGAATTACTGGGCGTAAAGGGCGCGTAGGCGGTTCTGTTAGTCAGGCGTGAAATTCCTGGGCTCAAC(1),0.0,0.0,0.0,0.0,0.0,0.0,0.07692307692307693,0.0,0.15384615384615385,0.6153846153846154,0.0,0.07692307692307693,0.0,0.0,0.07692307692307693,0.0,0.0,0.0,0.0,0.0
TACAGAGGGTGCAAGCGTTGTTCGGAATCATTGGGCGTAAAGGGCGTGTAGGCGGTTTGTTAAGTCATGTGTGAAATCCCTCGGCTTAAC(1),0.043478260869565216,0.0,0.0,0.0,0.0,0.0,0.0,0.0,0.17391304347826086,0.7826086956521736,0.0,0.0,0.0,0.0,0.0,0.0,0.0,0.0,0.0,0.0
TACGGAGGGTGCAAGCGTTGTTCGGAATCACTGGGCGTAAAGCGCGTGTAGGCGGCTACTTAAGTTTGGTGTGAAAGCCCTGGGCTCAAC(1),0.0,0.0,0.0,0.0,0.0,0.0,0.0,0.0,0.21428571428571427,0.7142857142857141,0.0,0.0,0.0,0.0,0.07142857142857142,0.0,0.0,0.0,0.0,0.0
CACGGGGGGAGCAAGCGTTGTTCGGAATCACTGGGCGTAAAGGGCGTGTAGGCGGTTAGGTAAGTGGGATGTGAAAGCCCCCGGCTCACC(1),0.0,0.0,0.0,0.0,0.0,0.0,0.0,0.0,0.1724137931034483,0.689655172413793,0.0,0.034482758620689655,0.034482758620689655,0.0,0.06896551724137931,0.0,0.0,0.0,0.0,0.0
GACGGAGGGGGCTAGCGTTGTTCGGAATTACTGGGCGTAAAGCGCGCGTAGGCGGCCTTTCAAGTCAGGTGTGAAAGCCCCGAGCTTAAC(1),0.0,0.0,0.0,0.0,0.0,0.0,0.0,0.0,0.07692307692307693,0.846153846153846,0.0,0.0,0.07692307692307693,0.0,0.0,0.0,0.0,0.0,0.0,0.0
TACGGAGGGGGCTAGCGTTGTTCGGAATTACTGGGCGTAAAGCGCACGTAGGCGGTCCATCTAGTTAGGCGTGAAAGGCCTGGGCTCAAC(1),0.0,0.0,0.0,0.0,0.0,0.0,0.0,0.0,0.0,0.875,0.0,0.0,0.125,0.0,0.0,0.0,0.0,0.0,0.0,0.0
TACGGAGGGTGCAAGCGTTGTTCGGAATTACTGGGCGTAAAGCGCGTGCAGGCGGTTGAGCAAGTCAGATGTGAAAGCCTTCCGCTTAAC(1),0.0,0.0,0.0,0.0,0.0,0.0,0.0,0.0,0.06666666666666667,0.8333333333333333,0.06666666666666667,0.0,0.0,0.0,0.03333333333333333,0.0,0.0,0.0,0.0,0.0
TACGTAGGCAGCAAGCGTTGTTCGGAGTTACTGGGCGTAAAGAGTGTGTAGGCGGTTCGGTAAGTTCGGTGTGAAATCTCCCGGCTCAAC(1),0.0,0.0,0.0,0.0,0.0,0.0,0.0,0.0,0.0,0.8125,0.125,0.0,0.0,0.0,0.0625,0.0,0.0,0.0,0.0,0.0
GACGAAGGATGCAAGCGTTATCCGGATTCATTGGGTTTAAAGGGAGCGTAGGTGGCCTTATAAGTCAGTGGTGAAATCTCCTCGCTTAAC(1),0.0,0.0,0.0,0.0,0.0,0.0,0.0,0.0,0.0,0.8181818181818183,0.0,0.09090909090909091,0.09090909090909091,0.0,0.0,0.0,0.0,0.0,0.0,0.0
AACGTAGGGGACGAGCGTTATCCGGATTTACTGGGCGTAAAGCGCTTGTAGGTGGCTGGGTAAGTTGGACGTGAAAGCTCCTGGCTTAAC(1),0.0,0.0,0.0,0.0,0.0,0.0,0.0,0.0,0.0,0.9375,0.0625,0.0,0.0,0.0,0.0,0.0,0.0,0.0,0.0,0.0
TACGTAGGCAGCAAACGTTGTTCGGAGTTACTGGGCGTAAAGAGTGCGTAGGCGGTTTGCCAAGTTTGGTGTGAAATCTCCTGGCTTAAC(1),0.0,0.0,0.0,0.0,0.0,0.0,0.0,0.047619047619047616,0.0,0.9047619047619051,0.0,0.047619047619047616,0.0,0.0,0.0,0.0,0.0,0.0,0.0,0.0
TACGTAGGGGGCGAGCGTTACTCGGAATTACTGGGCGTAAAGGGTGTGTAGGTGGCTGAATAAGTCAAAGATGAAATCCCGAGGCTCAAC(1),0.0,0.0,0.0,0.0,0.0,0.0,0.0,0.0,0.0,0.9411764705882354,0.0,0.0,0.0,0.0,0.058823529411764705,0.0,0.0,0.0,0.0,0.0
GACGGAGGGGGCGAGCGTTGTTCGGAATTATTGGGCGTAAAGCGCGCGTAGGCGGCTTCGGAAGTCCTGAGTGAAAGCCCCTGGCTTAAC(1),0.0,0.0,0.0,0.0,0.0,0.0,0.0,0.0,0.0,0.9230769230769229,0.0,0.0,0.0,0.0,0.07692307692307693,0.0,0.0,0.0,0.0,0.0
TACGTAGGCAGCAAGCGTTGTTCGGAATTACTGGGCGTAAAGGGTGCGTAGGCGGTTTTGCAAGTTTGGTGTGAAATCTCCCGGCTTAAC(1),0.0,0.0,0.0,0.0,0.0,0.0,0.0,0.0,0.0,0.9615384615384611,0.0,0.038461538461538464,0.0,0.0,0.0,0.0,0.0,0.0,0.0,0.0
GACGAAGGTGGCAAGCGTTGCTCGGAATCACTGGGCTTAAAGCGGGCGCAGGTGGCTCGGCAAGTCGGGTGTGAAATCCCTTGGCTCAAC(1),0.0,0.0,0.0,0.0,0.0,0.0,0.0,0.0,0.0,1.0000000000000002,0.0,0.0,0.0,0.0,0.0,0.0,0.0,0.0,0.0,0.0
TACGGAGGATCCAAGCGTTATCCGGATTTATTGGGTTTAAAGGGTGCGTAGGCGGAAATTTAAGTCAGTGGTGAAATACTGCAGCTCAAC(1),0.0,0.0,0.0,0.0,0.0,0.0,0.0,0.0,0.0,1.0000000000000002,0.0,0.0,0.0,0.0,0.0,0.0,0.0,0.0,0.0,0.0
TACCAGCTCTCCGAGTTGTGGGGACGTTTATTGAGCCTGAAGCATCCGTAGCCGGCTGTGCAAGTCCCCTGTTAAATCCAGCGATAAATC(1),0.0,0.0,0.0,0.0,0.0,0.0,0.0,0.0,0.0,1.0000000000000002,0.0,0.0,0.0,0.0,0.0,0.0,0.0,0.0,0.0,0.0
TACGTAGGGGGCAAGCGTTGTTCGGAATCACTGGGCGTAAAGGGAGCGTAGGCGGAGGAATAAGTTAGGAGTTTAATATACGGGCTTAAC(1),0.0,0.0,0.0,0.0,0.0,0.0,0.0,0.0,0.0,1.0,0.0,0.0,0.0,0.0,0.0,0.0,0.0,0.0,0.0,0.0
TACGGAGGGTGCAAGCGTTATCCGGAATCATTGGGTTTAAAGGGTCCGCAGGCGGATCAATCAGTCAGTGGTGAAATCCCATAGCTTAAC(1),0.0,0.0,0.0,0.0,0.0,0.0,0.0,0.0,0.0,1.0,0.0,0.0,0.0,0.0,0.0,0.0,0.0,0.0,0.0,0.0
TACGGAGGGTGCAAGCGTTATCCGGAATTACTGGGTTTAAAGGGTGCGTAGGCGGCAACGCAAGTCAGAAGTGAAAGCTCTCGGCTCAAC(1),0.0,0.0,0.0,0.0,0.0,0.0,0.0,0.0,0.0,0.9999999999999999,0.0,0.0,0.0,0.0,0.0,0.0,0.0,0.0,0.0,0.0
TACAGAGGTGGCAAGCGTTGTTCGGAATTACTGGGCGTAAAGGGCGCGTAGGCGGTTTTGTAAGTCCCGTGTGAAATCCCCCGGCTCAAC(1),0.0,0.0,0.0,0.0,0.0,0.0,0.0,0.0,0.0,0.9999999999999999,0.0,0.0,0.0,0.0,0.0,0.0,0.0,0.0,0.0,0.0
TACAGAGGGGGCGAGCGTTATTCGGAATTATTGGGCGTAAAGGGCGCGTAGGCGGCCGTGTAAGTCTCAGGTGAAATCCCTCGGCTCAAC(1),0.0,0.0,0.0,0.0,0.0,0.0,0.0,0.0,0.0,0.9999999999999998,0.0,0.0,0.0,0.0,0.0,0.0,0.0,0.0,0.0,0.0
TACGTAGGAGGCGAACGTTATTCGGATTTACTGGGCGTAAAGGGAGCGTAGGCGGTTCCTTAAGTCGAATGTGAAATCTTCTGACTTAAT(1),0.0,0.0,0.0,0.0,0.0,0.0,0.0,0.0,0.0,0.9999999999999998,0.0,0.0,0.0,0.0,0.0,0.0,0.0,0.0,0.0,0.0
TACCCGCACTCCAAGTGATGACCACGATTATTGGGCCTAAAGCGTTCGTAGCCGGTTTGGTGAGTCCTTGGTGAAATCTTCCAGCAGACT(1),0.0,0.0,0.0,0.0,0.0,0.0,0.0,0.0,0.0,0.9999999999999998,0.0,0.0,0.0,0.0,0.0,0.0,0.0,0.0,0.0,0.0
TACGTAGGGGCCAAGCGTTGTCCGGAATCATTGGGCGTAAAGGGCGTGTAGGCGGTCTGGCAAGTCAGATGTTAAATCTACGGGCTCAAC(1),0.0,0.0,0.0,0.0,0.0,0.0,0.0,0.0,0.0,0.9999999999999996,0.0,0.0,0.0,0.0,0.0,0.0,0.0,0.0,0.0,0.0
TACGGGGGGGGCAAGCGTTGTTCGGAATTACTGGGCGTAAAGGGCGCGCAGGCGGCCTGATAAGTTGGTGGTGAAAGTCCTGGGCTCAAC(1),0.0,0.0,0.0,0.0,0.0,0.0,0.0,0.0,0.0,0.9999999999999996,0.0,0.0,0.0,0.0,0.0,0.0,0.0,0.0,0.0,0.0
TACAGAGATGGCGAGCGTTACTCGGATTTATTGGGTGTAAAGGGCAGGTAGGCGTTCTGTTAAGTTAGTAGTGAAATCCTGCAGCTCAAC(1),0.0,0.0,0.0,0.0,0.0,0.0,0.0,0.0,0.0,0.9999999999999996,0.0,0.0,0.0,0.0,0.0,0.0,0.0,0.0,0.0,0.0
TCCCAGCGCCACAAGTGGTGTTCGCTATTATTGAGTCTAAAGCATCCGTAGCCGGCTTGCTAAGTTCTCTGTGAAATCCGGCAGCTTAAC(1),0.0,0.0,0.0,0.0,0.0,0.0,0.0,0.0,0.0,0.9999999999999996,0.0,0.0,0.0,0.0,0.0,0.0,0.0,0.0,0.0,0.0
TACGAAGGGGGCTAGCGTTGCTCGGAATTACTGGGCGTAAAGGGCGCGTAGGCGGATAGCTAAGTCAGAGGTGAAAGCCCAGGGCTCAAC(1),0.0,0.0,0.0,0.0,0.0,0.0,0.0,0.0,0.0,0.9999999999999997,0.0,0.0,0.0,0.0,0.0,0.0,0.0,0.0,0.0,0.0
TACGGGGGTGGCGAGCGTTACTCGGATTCATTGGGTGTAAAGGGCAGGTAGGCGGTTATGTAAGTTGAGGGTGAAATCCTATGGCTCAAC(1),0.0,0.0,0.0,0.0,0.0,0.0,0.0,0.0,0.0,0.9999999999999997,0.0,0.0,0.0,0.0,0.0,0.0,0.0,0.0,0.0,0.0
TACGTAGGGGGCCAGCGTTGTTCGGAATTACTGGGCGTAAAGAGCGCGTAGGCGGTGTGGTGCGTTCGGTGTGAAATCTCCCGGCTTAAC(1),0.0,0.0,0.0,0.0,0.0,0.0,0.0,0.0,0.0,0.9999999999999997,0.0,0.0,0.0,0.0,0.0,0.0,0.0,0.0,0.0,0.0
TACGGAGGGTGCAAGCGTTGTTCGGATTTACTGGGCGTAAAGAGCGAGCAGGTGGGTCGGCAAGTCCTGTGTGCAATCTTTCGGCTCAAC(1),0.0,0.0,0.0,0.0,0.0,0.0,0.0,0.043478260869565216,0.043478260869565216,0.7826086956521736,0.0,0.13043478260869565,0.0,0.0,0.0,0.0,0.0,0.0,0.0,0.0
TACGAAGGTCCCGAGCGTTGTTCGGATTTACTGGGCGTAAAGAGTCTGTAGGCGGTAAAGTCAGTCAGATGTGAAATCCCGGGGCTCAAC(1),0.0,0.0,0.0,0.0,0.0,0.0,0.0,0.0,0.0,0.869565217391304,0.0,0.13043478260869565,0.0,0.0,0.0,0.0,0.0,0.0,0.0,0.0
TACGAAGGAGGCAAGCGTTGTTCGGAATCACTGGGCTTAAAGCGCGTGTAGGCGGGGTGAAAGGTACCTTGTGAAATCCCTTGGCTCAAC(1),0.0,0.0,0.0,0.0,0.0,0.0,0.0,0.0,0.0,0.8518518518518514,0.0,0.14814814814814814,0.0,0.0,0.0,0.0,0.0,0.0,0.0,0.0
TACGGGGGGGGCAAGCGTTGTTCGGAATTACTGGGCGTAAAGGGCTCGTAGGTGGCCCGCTAAGTTGGACGTGAAATCCCTCGGCTCAAC(1),0.02857142857142857,0.0,0.0,0.0,0.0,0.0,0.0,0.02857142857142857,0.08571428571428572,0.6571428571428573,0.0,0.05714285714285714,0.0,0.0,0.11428571428571428,0.02857142857142857,0.0,0.0,0.0,0.0
TACGTAGGGTGCGAGCGTTAATCGGAATTACTGGGCGTAAAGCGTGCGCAGGCGGTTTGTCAAGCCAGACGTGAAAGCCCCGGGCTCAAC(1),0.0,0.0,0.0,0.0,0.0,0.0,0.0,0.0,0.038461538461538464,0.8076923076923074,0.0,0.038461538461538464,0.0,0.0,0.11538461538461539,0.0,0.0,0.0,0.0,0.0
AACGTAGGAGGCAAGCGTTATCCGGATTCACTGGGCGTAAAGCGCGTGCAGGCGGTTCGGTAAGTTGGGCGTGAAATCTCCCGGCTCAAC(1),0.017857142857142856,0.0,0.0,0.0,0.0,0.0,0.0,0.03571428571428571,0.03571428571428571,0.7500000000000004,0.0,0.017857142857142856,0.017857142857142856,0.0,0.10714285714285712,0.017857142857142856,0.0,0.0,0.0,0.0
GACAGAGGTGGCAAGCGTTGTTCGGATTTATTGGGTGTAAAGGGCAGGTAGGTTGTTGTGCAAGTCTGGTGTGAAAGCCCACGGCTCAAC(1),0.0,0.0,0.0,0.0,0.0,0.0,0.0,0.0,0.0,0.38461538461538464,0.0,0.07692307692307693,0.15384615384615385,0.0,0.38461538461538464,0.0,0.0,0.0,0.0,0.0
TACAGAGGCGGCAAGCGTTGTTCGGATTTATTGGGTGTAAAGGGCAGGTAGGTGGCCATGTAAGTCTGCTGTGAAAGCCCTGGGCTCAAC(1),0.0,0.0,0.0,0.0,0.0,0.0,0.0,0.0,0.1,0.30000000000000004,0.0,0.0,0.1,0.0,0.5,0.0,0.0,0.0,0.0,0.0
TACGGAGGATGCAAGCGTTATCCGGATTCATTGGGTTTAAAGGGTGCGCAGGCGGATTGGTAAGTCAGGGGTGAAATCCCACAGCTCAAC(1),0.0,0.0,0.0,0.0,0.0,0.0,0.0,0.6428571428571427,0.03571428571428571,0.0,0.21428571428571425,0.0,0.07142857142857142,0.03571428571428571,0.0,0.0,0.0,0.0,0.0,0.0
TACAGAGGGTGCTAGCGTTGTTCGGAATCATTGGGCGTAAAGGGCGTGTAGGCGGTTTGTTAAGTCATGTGTGAAAGCCCCCGGCTCAAC(1),0.0,0.0,0.0,0.0,0.0,0.0,0.0,0.16666666666666666,0.5833333333333333,0.0,0.0,0.08333333333333333,0.0,0.16666666666666666,0.0,0.0,0.0,0.0,0.0,0.0
TACAGAGGGGGCAAGCGTTGTCCGGATTGACTGGGCGTAAAGCGCACGTAGGTGGTTGGTTACGTGGTGTGTGAAAGCTCAGGGCTTAAC(1),0.15384615384615385,0.0,0.0,0.0,0.0,0.0,0.07692307692307693,0.15384615384615385,0.38461538461538464,0.0,0.0,0.0,0.0,0.15384615384615385,0.07692307692307693,0.0,0.0,0.0,0.0,0.0
TACGGAGGGTGCGAGCGTTGTCCGGAATCACTGGGCGTAAAGGGCGCGTAGGCGGTTCTTCAAGCGTGTGGTGAAAGTCCGGGGCTCAAC(1),0.2,0.0,0.0,0.1,0.0,0.0,0.0,0.1,0.4,0.0,0.0,0.0,0.0,0.2,0.0,0.0,0.0,0.0,0.0,0.0
TACGAAGGGTGCGAGCGTTATTCGGAATCACTGGGCGTAAAGGGTGTGTAGACGGTATATTAAGTTCGTCGTTAAAGGCTCCGGCCTAAC(1),0.0,0.0,0.0,0.0,0.0,0.0,0.0,0.30000000000000004,0.5,0.2,0.0,0.0,0.0,0.0,0.0,0.0,0.0,0.0,0.0,0.0
TACGAAGGTGGCAAGCGTTATTCGGATTTACTGGGCGTACAGGGAGCGTAGGCGGTTCGGTAAGCCCTTTGTGAAATCTTCAGGCTTAAC(1),0.05,0.0,0.0,0.0,0.0,0.0,0.0,0.1,0.44999999999999996,0.0,0.0,0.25,0.0,0.0,0.15000000000000002,0.0,0.0,0.0,0.0,0.0
TACAGAGGGTGCGAGCGTTAATCGGAATTACTGGGCGTAAAGGGCGCGTAGGCGGTAAGATGTGTGTGATGTGAAAGCCCCGGGCTTAAC(1),0.0,0.0,0.0,0.0,0.0,0.0,0.0,0.125,0.5416666666666666,0.041666666666666664,0.0,0.125,0.041666666666666664,0.0,0.125,0.0,0.0,0.0,0.0,0.0
TACGGAGGATCCAAGCGTTATCCGGAATCATTGGGTTTAAAGGGTCCGTAGGCGGTTTTATAAGTCAGTGGTGAAATCCGGTAGCTCAAC(1),0.08333333333333333,0.0,0.041666666666666664,0.041666666666666664,0.08333333333333333,0.0,0.041666666666666664,0.24999999999999997,0.29166666666666663,0.0,0.0,0.0,0.0,0.16666666666666666,0.0,0.0,0.0,0.0,0.0,0.0
TACGGAGGATGCAAGCGTTATCCGGAATGATTGGGCGTAAAGCGTCCGCAGGTGGCTATGTAAGTCTGCTGTTAAAGAGTGAGGCTCAAC(1),0.09090909090909091,0.0,0.0,0.09090909090909091,0.0,0.0,0.0,0.18181818181818182,0.13636363636363635,0.31818181818181823,0.0,0.13636363636363635,0.045454545454545456,0.0,0.0,0.0,0.0,0.0,0.0,0.0
GACGGAGGGTGCAAGCGTTGTTCGGATTGACTGGGCGTAAAGGGCGTGTAGGCGGTTGGTCAAGTCTGGTGTGAAAGCCCGGGGCTCAGC(1),0.0,0.0,0.0,0.08333333333333333,0.0,0.0,0.0,0.08333333333333333,0.6666666666666666,0.0,0.0,0.08333333333333333,0.0,0.0,0.0,0.08333333333333333,0.0,0.0,0.0,0.0
TACGTAGGGTCCGAGCGTTGTCCGGAATTATTGGGCGTAAAGAGCTCGTAGGCGGTTTGTCGCGTCTGCTGTGAAAACTAGAGGCTCAAC(1),0.18181818181818182,0.0,0.09090909090909091,0.0,0.0,0.0,0.0,0.18181818181818182,0.2727272727272727,0.0,0.0,0.09090909090909091,0.09090909090909091,0.0,0.09090909090909091,0.0,0.0,0.0,0.0,0.0
TACGGGGGGAGCGAACGTTGTTCGGAATTACTGGGCGTAAAGGGCGCGTAGGCGGCTTCATAAGTGAGATGTGAAAGCTCCTGGCTCAAC(1),0.0,0.0,0.0,0.0,0.0,0.0,0.0,0.35,0.05,0.39999999999999997,0.05,0.0,0.0,0.0,0.1,0.05,0.0,0.0,0.0,0.0
TACGGAGGGTGCAAGCGTTATCCGGATTCACTGGGTTTAAAGGGTGCGTAGGAGGGCAGGGAAGTCAGTGGTGAAATCTCCGGGCTTAAC(1),0.14736842105263162,0.010526315789473684,0.05263157894736842,0.010526315789473684,0.010526315789473684,0.0,0.08421052631578949,0.43157894736842073,0.11578947368421055,0.0,0.010526315789473684,0.042105263157894736,0.0,0.0736842105263158,0.010526315789473684,0.0,0.0,0.0,0.0,0.0
TACGGAGGGAGCTAGCGTTGTTCGGAATTACTGGGCGTAAAGCGCGCGTAGGCGGTTTTTTAAGTCAGAGGTGAAAGCCCGGGGCTCAAC(1),0.1764705882352941,0.0,0.11764705882352941,0.0,0.0,0.0,0.058823529411764705,0.411764705882353,0.11764705882352941,0.0,0.0,0.0,0.0,0.058823529411764705,0.058823529411764705,0.0,0.0,0.0,0.0,0.0
GACGAAGGTGGCGAGCGTTGTTCGGAATCACTGGGCATAAAGCGCACGTAGGCGGTGTCATAAGTCGGATGTGAAATCCCTCGGCCTAAC(1),0.0,0.0,0.0,0.0,0.0,0.0,0.0,0.2857142857142857,0.2857142857142857,0.2857142857142857,0.0,0.0,0.0,0.0,0.14285714285714285,0.0,0.0,0.0,0.0,0.0
TACAGAGGTGGCAAGCGTTGTTCGGAATTACTGGGCGTAAAGGGCGCGTAGGCGGTCTTGCAAGTCCTGTGTGAAATCCCTCGGCTCAAC(1),0.0,0.0,0.0,0.0,0.0,0.0,0.05555555555555555,0.2777777777777778,0.38888888888888895,0.1111111111111111,0.0,0.16666666666666666,0.0,0.0,0.0,0.0,0.0,0.0,0.0,0.0
TACAGAGGTGGCAAGCGTTGTTCGGAATTACTGGGCGTAAAGGGCGCGTAGGCGGTTCGTCAAGTCCTGTGTGAAATCCCCCGGCTCAAC(1),0.0,0.0,0.0,0.0,0.0,0.045454545454545456,0.0,0.27272727272727276,0.31818181818181823,0.2272727272727273,0.09090909090909091,0.045454545454545456,0.0,0.0,0.0,0.0,0.0,0.0,0.0,0.0
TACAGAGGTCCCAAGCGTTGTTCGGATTCACTGGGCGTAAAGGGTGCGTAGGTGGTGGGATAAGTTTGGTGTGAAATCTTCGAGCTCAAC(1),0.0,0.0,0.0,0.0,0.0,0.0,0.0,0.46153846153846156,0.0,0.5384615384615385,0.0,0.0,0.0,0.0,0.0,0.0,0.0,0.0,0.0,0.0
GACAGAGGTTGCAAACGTTGTTCGGAATCACTGGGCATAAAGCGCACGTAGGCGGTCTGTTAAGTCAGGTGTGAAAGCCCCCGGCTCAAC(1),0.0,0.0,0.0,0.0,0.0,0.0,0.0,0.3009708737864077,0.18446601941747567,0.39805825242718434,0.019417475728155338,0.04854368932038834,0.009708737864077669,0.0,0.038834951456310676,0.0,0.0,0.0,0.0,0.0
GACGAAGGATGCAAGCGTTATCCGGATTCATTGGGTTTAAAGGGTGCGTAGGCGGCCCGGTAAGTCAGTGGTGAAATCTCCTTGCTTAAC(1),0.0,0.0,0.0,0.0,0.0,0.0,0.045454545454545456,0.20454545454545459,0.18181818181818185,0.4545454545454544,0.022727272727272728,0.0,0.045454545454545456,0.0,0.022727272727272728,0.022727272727272728,0.0,0.0,0.0,0.0
GACAGAGGGTGCAAACGTTGCTCGGAATTACTGGGCGTAAAGCGCGTGTAGGCGGTCACGCAAGTCAGGTGTGAAAGCCCTGGGCTCAAC(1),0.0,0.0,0.0,0.0,0.0,0.0,0.0,0.2727272727272727,0.18181818181818182,0.5454545454545455,0.0,0.0,0.0,0.0,0.0,0.0,0.0,0.0,0.0,0.0
TACGAAGGGTGCAAGCGTTGTTCGGATTTATTGGGCGTAAAGCGCGCGTAGGCGGACCTGCAAGTCAGATGTGAAATCTCGGGGCTCAAC(1),0.03731343283582089,0.0,0.0,0.0,0.007462686567164179,0.0,0.007462686567164179,0.47014925373134375,0.0970149253731343,0.10447761194029848,0.03731343283582089,0.03731343283582089,0.022388059701492536,0.007462686567164179,0.13432835820895517,0.03731343283582089,0.0,0.0,0.0,0.0
TACGGAGGGTGCAAGCATTAATCGGATTTATTGGGCGTAAAGGGCGCGTAGGCGGGTTTGTAAGTCAGATGTGAAATTCCGAAGCTCAAC(1),0.0,0.0,0.0,0.0,0.0,0.0,0.0,0.2727272727272727,0.2727272727272727,0.09090909090909091,0.09090909090909091,0.18181818181818182,0.0,0.0,0.09090909090909091,0.0,0.0,0.0,0.0,0.0
TACCAGCACCCCGAGTGGTCGGGACGTTTATTGGGCCTAAAGCATCCGTAGCCGGTTCTACAAGTCTTCCGTTAAATCCACCTGCTTAAC(1),0.11111111111111113,0.013071895424836602,0.026143790849673203,0.013071895424836602,0.0,0.0,0.006535947712418301,0.3790849673202611,0.16993464052287588,0.0196078431372549,0.0196078431372549,0.14379084967320266,0.006535947712418301,0.026143790849673203,0.0588235294117647,0.006535947712418301,0.0,0.0,0.0,0.0
TACGAAGGGGGCTAGCGTTGCTCGGAATTACTGGGCGTAAAGGGCGCGTAGGCGGCACTGTTAGTCAGGCGTGAAAGTCCTGGGCTCAAC(1),0.05263157894736842,0.0,0.02631578947368421,0.0,0.0,0.0,0.0,0.42105263157894707,0.18421052631578944,0.013157894736842105,0.0,0.15789473684210525,0.013157894736842105,0.06578947368421052,0.05263157894736842,0.013157894736842105,0.0,0.0,0.0,0.0
TACGGGGGGTGCAAGCGTTGTCCGGAATGATTGGGCGTAAAGCATCTGTAGGTGGTTTTTAAAGTCGACTGTTAAAGCCCAGGGCTCAAC(1),0.0,0.0,0.0,0.0,0.0,0.0,0.014084507042253521,0.6901408450704221,0.09859154929577464,0.0,0.0,0.014084507042253521,0.0,0.0,0.1830985915492958,0.0,0.0,0.0,0.0,0.0
TACAGAGGTCCCAAGCGTTGTTCGGATTCACTGGGCGTAAAGGGTGCGTAGGAGGCTGGGAAAGTCGGATGTGAAATCTCACCGCTTAAC(1),0.0,0.0,0.0,0.0,0.0,0.0,0.043478260869565216,0.5652173913043477,0.21739130434782608,0.0,0.043478260869565216,0.043478260869565216,0.043478260869565216,0.043478260869565216,0.0,0.0,0.0,0.0,0.0,0.0
TACGAAGGGTGCAAACGTTGCTCGGAATCATTGGGCGTAAAGCGCACGTAGGCGGCATTCTAAGTCGGATGTGAAATCCCTCGGCTCAAC(1),0.0,0.0,0.0,0.0,0.0,0.0,0.0,0.6153846153846152,0.11538461538461539,0.038461538461538464,0.07692307692307693,0.11538461538461539,0.038461538461538464,0.0,0.0,0.0,0.0,0.0,0.0,0.0
TACGTACTGTGCGAACGTTATTCGGAATCACTGGGCTTAAAGGGTGCGTAGGCGGCCAATTAAGTAGGGTGTGAAAGGCTTCGGCTCAAC(1),0.0,0.0,0.0,0.0,0.0,0.0,0.0,0.5833333333333333,0.16666666666666666,0.041666666666666664,0.041666666666666664,0.125,0.0,0.0,0.041666666666666664,0.0,0.0,0.0,0.0,0.0
TACGTAGGGGGCAAGCGTTGTCCGGAATCATTGGGCGTAAAGAGCGTGTAGGCGGCCCGGTAAGTCCGCTGTGAAAGTCCAGGGCTCAAC(1),0.0625,0.03125,0.03125,0.0,0.0,0.0,0.0,0.21875,0.375,0.0,0.03125,0.09375,0.0,0.03125,0.03125,0.09375,0.0,0.0,0.0,0.0
CACGAACCGTACGAACGTTATTCGGAATTACTGGGCTTAAAGGGTTTGTAGGCGGCCATGTAAGTCAGGTGTGAAATCCCTCGGCTCAAC(1),0.03571428571428571,0.03571428571428571,0.03571428571428571,0.0,0.0,0.0,0.03571428571428571,0.21428571428571425,0.42857142857142844,0.0,0.0,0.14285714285714285,0.0,0.07142857142857142,0.0,0.0,0.0,0.0,0.0,0.0
TACGTAGGGGTCGAGCGTTGTCCGGAGTTACTGGGCGTAAAGCGCGCGCAGGCGGCGCGATAAGACCGGCGTGAAAGCCCCCGGCTCAAC(1),0.0,0.0,0.06666666666666667,0.0,0.0,0.0,0.0,0.26666666666666666,0.4666666666666666,0.0,0.0,0.13333333333333333,0.0,0.0,0.06666666666666667,0.0,0.0,0.0,0.0,0.0
TACGGAGGGTGCAAGCGTTATCCGGATTTACTGGGTTTAAAGGGTGCGCAGGCGGATATGTAAGTCAGTGGTGAAATCTTTGGGCTTAAC(1),0.0,0.0,0.0,0.0,0.0,0.0,0.0,0.30434782608695643,0.543478260869565,0.0,0.021739130434782608,0.08695652173913043,0.0,0.021739130434782608,0.021739130434782608,0.0,0.0,0.0,0.0,0.0
GACAGAGGGTGCGAACGTTGTTCGGAATTACTGGGCGTAAAGCGCGTGTAGGCGGTCGTGCAAGTCGGGTGTGAAAGCCCTGGGCTCAAC(1),0.0,0.0,0.0,0.0,0.0,0.0,0.0,0.2,0.7999999999999999,0.0,0.0,0.0,0.0,0.0,0.0,0.0,0.0,0.0,0.0,0.0
GACAGAGGTGCCGAGCGTTAGGCGGAATCACTGGGCTTAAAGCGTGTGTAGGCGGGTCGTTAAGTGCCTTGTGAAATCCCACAGCTCACC(1),0.0,0.0,0.0,0.0,0.0,0.0,0.0,0.25,0.6666666666666666,0.0,0.0,0.08333333333333333,0.0,0.0,0.0,0.0,0.0,0.0,0.0,0.0
TACAGAGGGTGCGAGCGTTGTTCGGAATTATTGGGCGTAAAGGGCGCGTAGGCGGCGCAGCAAGTCACCTGTGAAATCTCTGGGCTTAAC(1),0.0625,0.0,0.0,0.0,0.0,0.0,0.0,0.25,0.6875,0.0,0.0,0.0,0.0,0.0,0.0,0.0,0.0,0.0,0.0,0.0
TACAGAGACTGCAAGCGTTGTTCGGATTCATTGGGCGTAAAGGGTGCGCAGGCGGTTCGTTAAGTCGGATGTGAAATCTCACAGCCTAAC(1),0.03225806451612903,0.0,0.0,0.0,0.0,0.0,0.0,0.1935483870967742,0.6774193548387093,0.03225806451612903,0.0,0.03225806451612903,0.0,0.0,0.03225806451612903,0.0,0.0,0.0,0.0,0.0
TACGTAGGGGGCAAGCGTTGTCCGGAATCATTGGGCGTAAAGCGCGTGTAGGCGGCTCGGTAAGTCCGCTCTGAAAGCCCGGGGCTCAAC(1),0.05263157894736842,0.0,0.05263157894736842,0.05263157894736842,0.0,0.0,0.0,0.3684210526315789,0.3157894736842105,0.0,0.05263157894736842,0.05263157894736842,0.0,0.0,0.05263157894736842,0.0,0.0,0.0,0.0,0.0
TACGTAGGTGGCAAGCGTTGTCCGGATTTATTGGGTTTAAAGGGTGCGTAGGCGGCCTATTAAGTCAGTGCTGAAATATTCCGGCTTAAC(1),0.1764705882352941,0.0,0.0,0.0,0.0,0.0,0.0,0.411764705882353,0.29411764705882354,0.0,0.0,0.058823529411764705,0.0,0.058823529411764705,0.0,0.0,0.0,0.0,0.0,0.0
TACGTAGGGGGCGAGCGTTGTCCGGATTTATTGGGCGTAAAGAGCTCGTAGGCGGCTTGGCAAGTCGGGTGTGAAACCTCCAGGCTCAAC(1),0.11111111111111112,0.0,0.0,0.0,0.0,0.0,0.022222222222222223,0.33333333333333326,0.35555555555555546,0.0,0.022222222222222223,0.044444444444444446,0.0,0.06666666666666667,0.044444444444444446,0.0,0.0,0.0,0.0,0.0
GACGAACCGAGCGAACGTTGTTCGGAATCACTGGGCTTAAAGGGCGCGTAGGCGGGTGCTCAAGTCTGTGGTGAAATCCTCCAGCTTAAC(1),0.0,0.0,0.0,0.0,0.0,0.0,0.0,0.543478260869565,0.08695652173913043,0.21739130434782605,0.0,0.13043478260869565,0.0,0.0,0.021739130434782608,0.0,0.0,0.0,0.0,0.0
TACGGAGGGTGCAAGCGTTGTTCGGAATCACTGGGCGTAAAGGGCGCGTAGGCGGCTCCAAAAGTCTGATGTGAAAGCCCGGGGCTCAAC(1),0.0,0.0,0.0,0.0,0.0,0.0,0.0,0.5142857142857143,0.04285714285714286,0.4000000000000001,0.0,0.014285714285714285,0.0,0.0,0.02857142857142857,0.0,0.0,0.0,0.0,0.0
TACGTAGGTGGCAAGCGTTGTTCGGAATCACTGGGCATAAAGCGCGCGTAGGCGGCTAAGTCAGTCGGGTGTGAAAGCCCTCGGCTCAAC(1),0.0,0.0,0.0,0.0,0.0,0.0,0.0,0.6363636363636365,0.0,0.36363636363636365,0.0,0.0,0.0,0.0,0.0,0.0,0.0,0.0,0.0,0.0
TACAGAGGTGGCGAGCGTTGTCCGGATTGACTGGGCGTAAAGGGCGCGTAGGCGGCTTGGTAAGTCAACCGTAAAATCTCTGGGCTCAAC(1),0.0,0.0,0.0,0.0,0.0,0.0,0.0,0.7,0.0,0.30000000000000004,0.0,0.0,0.0,0.0,0.0,0.0,0.0,0.0,0.0,0.0
TACGGAGTGTGCAAGCGTTACTCGGAATCACTGGGCATAAAGCGCGCGTAGGCGGGCTTTCAAGTCGGTTGTGAAATCCCTCAGCTCAAC(1),0.022222222222222223,0.0,0.022222222222222223,0.0,0.022222222222222223,0.0,0.0,0.22222222222222224,0.22222222222222224,0.22222222222222224,0.0,0.15555555555555556,0.06666666666666667,0.0,0.044444444444444446,0.0,0.0,0.0,0.0,0.0
CACGTAGGGGGCGAGCGTTGTCCGGATTTATTGGGCGTAAAGAGCTCGTAGGCGGTTTCGTAAGTCGGATGTGAAAACTCCAGGCTCAAC(1),0.020202020202020204,0.0,0.010101010101010102,0.0,0.0,0.0,0.0,0.30303030303030315,0.24242424242424251,0.18181818181818185,0.0,0.17171717171717174,0.010101010101010102,0.030303030303030304,0.030303030303030304,0.0,0.0,0.0,0.0,0.0
TACGTAGGGGGCAAGCGTTGTCCGGATTTATTGGGCGTAAAGAGCGTGTAGGCGGCCATACAGGTCAGCTGTGAAAACTCGAGGCTCAAC(1),0.011764705882352941,0.0,0.011764705882352941,0.0,0.0,0.07058823529411765,0.0,0.47058823529411803,0.23529411764705893,0.058823529411764705,0.023529411764705882,0.011764705882352941,0.0,0.0,0.07058823529411765,0.03529411764705882,0.0,0.0,0.0,0.0
TACGTAGGTGGCAAGCGTTGTCCGGATTTATTGGGTTTAAAGGGTGCGTAGGCGGCCCTGTAAGTCAGTGCTGAAATATCCCGGCTTAAC(1),0.04504504504504504,0.018018018018018018,0.009009009009009009,0.0,0.0,0.0,0.0,0.4774774774774779,0.2522522522522522,0.02702702702702703,0.02702702702702703,0.036036036036036036,0.0,0.009009009009009009,0.0900900900900901,0.009009009009009009,0.0,0.0,0.0,0.0
TACGAAGGATCCTAGCGTTGTCCGGATTTACTGGGTTTAAAGGGAGCGTAGGCGGACTTTTAAGTCAGTGGTGAAAGCCTGCAGCTTAAC(1),0.0,0.0,0.0,0.0,0.0,0.0,0.0,0.38461538461538464,0.6153846153846154,0.0,0.0,0.0,0.0,0.0,0.0,0.0,0.0,0.0,0.0,0.0
TACGAAGGGGGCTAGCGTTGTTCGGAATTACTGGGCGTAAAGCGTACGTAGGCGGATTTGTAAGTAGGGGGTGAAATCCCCAGGCTCAAC(1),0.0,0.0,0.0,0.0,0.0,0.0,0.0,0.49999999999999983,0.46428571428571414,0.0,0.0,0.0,0.0,0.03571428571428571,0.0,0.0,0.0,0.0,0.0,0.0
CACGGGGGGAGCAAGCGTTGTTCGGAATCACTGGGCGTAAAGGGCGTGCAGGCGGTCAGGTAAGTGGGATGTGAAATGCCCCGGCTCACC(1),0.0,0.0,0.0,0.0,0.0,0.0,0.0,0.4666666666666666,0.5333333333333333,0.0,0.0,0.0,0.0,0.0,0.0,0.0,0.0,0.0,0.0,0.0
TACGGAGGGTGCGAGCGTTGTCCGGAATCACTGGGCGTAAAGGGCGCGTAGGTGGCTTTTCAAGCGCGCGGTGAAAGCCCGGGGCTCAAC(1),0.0625,0.0,0.0,0.0,0.0,0.0,0.0,0.5,0.375,0.0,0.0,0.0,0.0,0.0625,0.0,0.0,0.0,0.0,0.0,0.0
TACGTAGGGGGCAAGCGTTGTCCGGATTTATTGGGCGTAAAGAGCGTGTAGGCGGCCAGACAAGTCCGTTGTGAAAACTAGAGGCTTAAC(1),0.0,0.0,0.0,0.0,0.0,0.0,0.0,0.44999999999999996,0.3,0.0,0.0,0.1,0.0,0.1,0.05,0.0,0.0,0.0,0.0,0.0
TACGAAGGGGGCTAGCGTTGTTCGGAATCACTGGGCGTAAAGGGCGCGTAGGCGGCCGATCAAGTCGGGGGTGAAAGCCTGTGGCTCAAC(1),0.02564102564102564,0.0,0.02564102564102564,0.02564102564102564,0.0,0.0,0.0,0.4615384615384617,0.3076923076923077,0.0,0.0,0.05128205128205128,0.0,0.07692307692307693,0.02564102564102564,0.0,0.0,0.0,0.0,0.0
TACAGAGGTCCCAAGCGTTGTTCGGATTCACTGGGCGTAAAGGGTGCGTAGGTGGTTGGGTAAGTCTGATGTGAAATCTCCGGGCTCAAC(1),0.0,0.0,0.0,0.0,0.0,0.0,0.0,0.5454545454545455,0.36363636363636365,0.0,0.09090909090909091,0.0,0.0,0.0,0.0,0.0,0.0,0.0,0.0,0.0
TACAGAGGTGGCAAGCGTTGTTCGGAATTACTGGGCGTAAAGGGCGCGTAGGCGGCCTTGTAAGTCTCGTGTGAAAGCCCTCGGCTTAAC(1),0.0,0.0,0.0,0.0,0.0,0.0,0.0,0.34351145038167985,0.11068702290076343,0.2709923664122141,0.0648854961832061,0.0992366412213741,0.022900763358778626,0.003816793893129771,0.07251908396946566,0.011450381679389313,0.0,0.0,0.0,0.0
TACGTAGGGTGCGAGCGTTAATCGGAATTACTGGGCGTAAAGCGTGCGCAGGCGGTGGCTCAAGCCAGGCGTGAAATCCCCGGGCTTAAC(1),0.0,0.0,0.0,0.0,0.0,0.008547008547008548,0.0,0.5042735042735049,0.17094017094017092,0.26495726495726496,0.0,0.03418803418803419,0.0,0.0,0.017094017094017096,0.0,0.0,0.0,0.0,0.0
TACGGAGGGTGCGAGCGTTGTCCGGAATCACTGGGCGTAAAGGGCGCGTAGGTGGCTCGTTAAGTGGTCGGTGAAATCCCGGGGCTCAAC(1),0.0,0.0,0.0,0.0,0.0,0.0,0.0,0.4516129032258063,0.1935483870967742,0.32258064516129026,0.0,0.0,0.0,0.0,0.03225806451612903,0.0,0.0,0.0,0.0,0.0
TACGTAGGGTGCGAGCGTTAATCGGAATTACTGGGCGTAAAGTGTGCGCAGGCGGCGTTGCAAGTCGAGTGTGAAATCCCCGAGCTTAAC(1),0.0,0.0,0.0,0.0,0.0,0.011111111111111112,0.0,0.38888888888888895,0.2777777777777777,0.21111111111111103,0.011111111111111112,0.05555555555555556,0.0,0.0,0.044444444444444446,0.0,0.0,0.0,0.0,0.0
TACAGGGGGGGCAAGCGTTGTTCGGAATTACTGGGCGTAAAGGGTTCGTAGGTGGCCACTTAAGTCAGACGTGAAATCCCTCAGCTTAAC(1),0.0,0.0,0.0,0.0,0.0,0.0,0.0,0.37878787878787856,0.21212121212121204,0.2727272727272726,0.015151515151515152,0.030303030303030304,0.030303030303030304,0.0,0.030303030303030304,0.030303030303030304,0.0,0.0,0.0,0.0
TACGAACTGTGCAAACGTTATTCGGAATCACTGGGCTTAAAGGGTGCGTAGGCGGCTGTCTAAGCAGGGTGTGAAAGCCCCCGGCTCAAC(1),0.0,0.0,0.0,0.0,0.0,0.0,0.0,0.3333333333333333,0.20833333333333331,0.24999999999999997,0.041666666666666664,0.08333333333333333,0.041666666666666664,0.0,0.041666666666666664,0.0,0.0,0.0,0.0,0.0
CACGTAGGAGACGAGCGTTATCCGGATTTACTGGGTGTAAAGCGCGTGCAGGCGGCATGGTAAGTTGGATGTGAAAGCTCCTGGCTTAAC(1),0.0,0.0,0.0,0.0,0.0,0.0,0.0,0.5454545454545455,0.18181818181818182,0.18181818181818182,0.09090909090909091,0.0,0.0,0.0,0.0,0.0,0.0,0.0,0.0,0.0
TACGTAGGTGACTAGCGTTGTTCGGATTTATTGGGCGTAAAGGGTCCGCAGGGGGCCGATTAAGTCTGATGTGAAATACCAAGGCTCAAC(1),0.0,0.0,0.0,0.0,0.0,0.0,0.0,0.7,0.1,0.2,0.0,0.0,0.0,0.0,0.0,0.0,0.0,0.0,0.0,0.0
TACGTAGGTGACAAGCGTTGTCCGGATTTACTGGGCGTAAAGAGCGCGCAGGCGGTCGTTCAAGTCGAGTGTGAAAGCCCCCGGCTCAAC(1),0.0038910505836575876,0.0,0.0038910505836575876,0.0,0.0,0.007782101167315175,0.007782101167315175,0.41245136186770326,0.20233463035019428,0.12840466926070038,0.0622568093385214,0.08949416342412451,0.042801556420233464,0.0038910505836575876,0.027237354085603113,0.007782101167315175,0.0,0.0,0.0,0.0
CACGTAGGCACCAAGCGTTGTCCGGATTTATTGGGCGTAAAGAGCTCGTAGGCGGTTCGGTAAGTCGGGTGTGAAAACTTTGGGCTCAAC(1),0.06451612903225806,0.0,0.0,0.0,0.0,0.0,0.0,0.4838709677419353,0.1935483870967742,0.12903225806451613,0.03225806451612903,0.06451612903225806,0.0,0.0,0.03225806451612903,0.0,0.0,0.0,0.0,0.0
GACAGAGGGTGCAAACGTTGCTCGGAATTACTGGGCGTAAAGCGCGTGTAGGCGGGAAGATAAGTCGGGTGTGAAATCCCTGGGCTCAAC(1),0.0,0.0,0.0,0.0,0.0,0.0,0.0,0.6875,0.0625,0.125,0.0,0.0,0.0,0.0625,0.0625,0.0,0.0,0.0,0.0,0.0
TACGTAGGGACCAAGCGTTGTTCGGATTTACTGGGCGTAAAGGGCGCGTAGGCGGCCTGGCAAGTCACTTGTGAAATCTCCGAGCTTAAC(1),0.0,0.0,0.09090909090909091,0.0,0.0,0.0,0.0,0.6363636363636365,0.2727272727272727,0.0,0.0,0.0,0.0,0.0,0.0,0.0,0.0,0.0,0.0,0.0
TACGAGGGGGGCAAATGTTGTTCGGAATCACTGGGCGTAAAGGGAGCGTAGGCGGGTTTTTAAGTTAGGTGTTTAATCCCGGGGCCCAAC(1),0.013888888888888888,0.0,0.0,0.0,0.0,0.0,0.0,0.680555555555555,0.1666666666666667,0.05555555555555555,0.0,0.013888888888888888,0.013888888888888888,0.0,0.05555555555555555,0.0,0.0,0.0,0.0,0.0
TACGTAGGTGGCAAGCGTTACTCGGAATCACTAGGCGTAAAGCGCAGGTAGGCGGTTTGGTAAGTCTTTTGTGAAAGCTCCTGGCTTAAC(1),0.0,0.0,0.0,0.0,0.0,0.0,0.0,0.5833333333333333,0.3333333333333333,0.0,0.0,0.0,0.0,0.0,0.08333333333333333,0.0,0.0,0.0,0.0,0.0
CACGTAGGGGGCAAGCGTTGTCCGGATTTATTGGGCGTAAAGAGCTCGTAGGCGGCTTAGTAAGTCGGGTGTGAAACCTCCAGGCTCAAC(1),0.0,0.0,0.0,0.0,0.0,0.0,0.0,0.5245901639344265,0.1967213114754098,0.16393442622950818,0.0,0.03278688524590164,0.0,0.0,0.0819672131147541,0.0,0.0,0.0,0.0,0.0
TACGGAGGGGGCCAGCGTTGCTCGGAATTATTGGGCGTAAAGGGCGCGTAGGCGGTCTGGTAAGTTTGATGTGAAATCCCATGGCTCAAC(1),0.02,0.0,0.0,0.0,0.0,0.0,0.0,0.5600000000000002,0.23999999999999996,0.16,0.0,0.02,0.0,0.0,0.0,0.0,0.0,0.0,0.0,0.0
AACGTAGGTGACGAGCGTTATCCGGATTTACTGGGCGTAAAGCGTGTGCAGGCGGTTGAGTAAGTGGTGTATGAAAGCTCCGGGCTTAAC(1),0.0,0.0,0.0,0.0,0.0,0.0,0.0,0.4999999999999999,0.2857142857142857,0.21428571428571427,0.0,0.0,0.0,0.0,0.0,0.0,0.0,0.0,0.0,0.0
CACGGGGGGAACGAGCGTTGTTCGGATTTACTGGGCGTAAAGGGTGCGTAGGCGGGCCGGTCAGTCGGGTGTGAAAGCTCACGGCTTAAC(1),0.0,0.0,0.0,0.0,0.0,0.0,0.0,0.7837837837837833,0.02702702702702703,0.1891891891891892,0.0,0.0,0.0,0.0,0.0,0.0,0.0,0.0,0.0,0.0
TACAGAGGGTGCAAGCGTTAATCGGAGTTACTGGGCGTAAAGGGCGCGTAGGCGGTGATATGAGTGTGATGTGAAAGCCCCGGGCTTAAC(1),0.0,0.0,0.0,0.0,0.0,0.0,0.0,0.7647058823529412,0.11764705882352941,0.0,0.058823529411764705,0.0,0.0,0.0,0.058823529411764705,0.0,0.0,0.0,0.0,0.0
TACAGAGACTGCAAGCGTTATTCGGATTCACTGGGCGTAAAGGGTGCGCAGGCGGCCATGTGTGTTAGGCGTGAAAGCCCGAGGCTTAAC(1),0.0,0.0,0.0,0.0,0.0,0.0,0.0,0.7941176470588236,0.08823529411764705,0.029411764705882353,0.0,0.0,0.0,0.0,0.08823529411764705,0.0,0.0,0.0,0.0,0.0
TACGAATCGTCCAAACGTTGTTCGGATTCACTGGGTTTAAAGGGCGCGTAGGCGGTGCGTTAAGTCGGCGGTGAAATACTTCGGCTCAAC(1),0.0,0.0,0.0,0.0,0.0,0.0,0.0,0.6500000000000002,0.22499999999999998,0.125,0.0,0.0,0.0,0.0,0.0,0.0,0.0,0.0,0.0,0.0
TACAGAGGGTGCGAGCGTTAATCGGATTTACTGGGCGTAAAGCGTGTGTAGGTGGCTTCCTAAGTCGGTTGTGAAATCCCTGGGCTCAAC(1),0.0,0.0,0.0,0.0,0.0,0.0,0.029411764705882353,0.5882352941176471,0.3235294117647059,0.058823529411764705,0.0,0.0,0.0,0.0,0.0,0.0,0.0,0.0,0.0,0.0
GACGTAGGTGGCGAGCGTTATCCGGATTTACTGGGCGTAAAGCGCGTGCAGGTGGTTTGATAAGTCGGGCGTGAAATCTCCTGGCTCAAC(1),0.0,0.0,0.0,0.0,0.0,0.0,0.0,0.6428571428571427,0.2857142857142857,0.07142857142857142,0.0,0.0,0.0,0.0,0.0,0.0,0.0,0.0,0.0,0.0
CACGTAGGGGCCAAGCGTTGTCCGGATTCATTGGGCGTAAAGAGCTCGTAGGCGGTTCAGTTAGTCGGGTGTGAAATCTCCGGGCTCAAC(1),0.05555555555555555,0.0,0.0,0.0,0.0,0.0,0.0,0.6666666666666669,0.2222222222222222,0.0,0.0,0.0,0.0,0.05555555555555555,0.0,0.0,0.0,0.0,0.0,0.0
TACGGGGGGGGCAAGCGTTGTTCGGAATTACTGGGCGTAAAGGGCGCGTAGGCGGTTCATTAAGTTGGATGTGAAAACTCTGGGCTTAAC(1),0.0,0.0,0.0,0.0,0.0,0.0,0.06666666666666667,0.7999999999999999,0.13333333333333333,0.0,0.0,0.0,0.0,0.0,0.0,0.0,0.0,0.0,0.0,0.0
GACAGAGGGTGCAAACGTTGTTCGGAATTACTGGGCGTAAAGCGTGTGTAGGCGGCTACGTAAGTCGGATGTGAAAGCCCCAGGCTCAAC(1),0.0,0.0,0.0,0.0,0.0,0.0,0.0,0.7499999999999998,0.17857142857142855,0.0,0.0,0.03571428571428571,0.0,0.03571428571428571,0.0,0.0,0.0,0.0,0.0,0.0
TACGAAGGGGGCGAGCGTTGTTCGGATTTACTGGGCGTAAAGGGCGCGTAGGCGGCCTTGTTTGTCAGGCGTGAAAGCCCTGGGCTCAAC(1),0.0,0.0,0.0,0.0,0.0,0.0,0.0,0.6842105263157894,0.3157894736842105,0.0,0.0,0.0,0.0,0.0,0.0,0.0,0.0,0.0,0.0,0.0
TACGAAGGGGGCTAGCGTTGTTCGGAATTACTGGGCGTAAAGGGCGCGTAGGCGGCCTTGTTAGTCGAGTGTGAAAGCCCTGGGCTTAAC(1),0.02631578947368421,0.0,0.0,0.0,0.0,0.0,0.0,0.6315789473684207,0.3157894736842105,0.0,0.0,0.02631578947368421,0.0,0.0,0.0,0.0,0.0,0.0,0.0,0.0
TACAGAGGTCCCGAGCGTTGTTCGGATTTACTGGGCGTAAAGGGTGCGTAGGTGGTCGGGTAAGTCTCATGTGAAATCCCGCAGCTTAAC(1),0.0,0.0,0.0,0.0,0.0,0.0,0.0,0.6428571428571427,0.3571428571428571,0.0,0.0,0.0,0.0,0.0,0.0,0.0,0.0,0.0,0.0,0.0
TACAGAGGGTGCGAGCGTTGTTCGGAATTATTGGGCGTAAAGCGCTTGTAGGCGGCTTGTTAAGTTCCGTGTGAAATCCCCAGGCTTAAC(1),0.0,0.0,0.0,0.0,0.0,0.025,0.0,0.6374999999999997,0.33750000000000013,0.0,0.0,0.0,0.0,0.0,0.0,0.0,0.0,0.0,0.0,0.0
TACGGAGGGTGCGAGCGTTGTCCGGAATCATTGGGCGTAAAGGGCGCGTAGGTGGCCCGGTCAGCGTGCGGTGAAAGCTCGGGGCTCAAC(1),0.0,0.0,0.03508771929824561,0.0,0.0,0.017543859649122806,0.0,0.68421052631579,0.21052631578947367,0.0,0.0,0.03508771929824561,0.0,0.017543859649122806,0.0,0.0,0.0,0.0,0.0,0.0
TACGGAGGGTGCAAGCGTTATCCGGATTCACTGGGTTTAAAGGGAGCGCAGGCGGACTTGTAAGTCAGTGGTGAAATACCTGAGCTTAAC(1),0.02702702702702703,0.0,0.013513513513513514,0.0,0.0,0.0,0.013513513513513514,0.7162162162162153,0.21621621621621623,0.0,0.0,0.013513513513513514,0.0,0.0,0.0,0.0,0.0,0.0,0.0,0.0
TACGTAGGGTGCGAGCGTTAATCGGAATTACTGGGCGTAAAGTGTGCGCAGGCGGCCGCGCAAGTCGAGTGTGAAAGCCCCGAGCTTAAC(1),0.0,0.0,0.0,0.0,0.0,0.013157894736842105,0.0,0.7105263157894731,0.2499999999999998,0.006578947368421052,0.0,0.0,0.006578947368421052,0.0,0.013157894736842105,0.0,0.0,0.0,0.0,0.0
TACGAATCGTCCAAACGTTGTTCGGATTTACTGGGTTTAAAGGGCGCGTAGGCGGTGCGCTAAGTCGGTGGTGAAATACTTCGGCTCAAC(1),0.0,0.0,0.0,0.0,0.0,0.0,0.0,0.7272727272727274,0.2727272727272727,0.0,0.0,0.0,0.0,0.0,0.0,0.0,0.0,0.0,0.0,0.0
GACAGAGGGTGCAAACGTTGTTCGGAATCACTGGGCGTAAAGCGCGTGTAGGCGGCTACGTAAGTCGGACGTGAAAGCCCACGGCTCAAC(1),0.0,0.0,0.0,0.0,0.0,0.0,0.0,0.75,0.25,0.0,0.0,0.0,0.0,0.0,0.0,0.0,0.0,0.0,0.0,0.0
GACGTAGGGGGCGAGCGTTGTCCGGATTTATTGGGCGTAAAGCGCGCGTAGGCGGTCCGTTAAGTCGGATGTGAAAATCCGGGGCTCAAC(1),0.0,0.0,0.0,0.0,0.0,0.0,0.0,0.7999999999999999,0.1,0.1,0.0,0.0,0.0,0.0,0.0,0.0,0.0,0.0,0.0,0.0
TACGTAGGCAGCGAGCGTTGTTCGGAGTTACTGGGCGTAAAGGGTGTGTAGGCGGTCCTGTAAGTCTGGTGTGAAATCTCCCGGCTCAAC(1),0.0,0.0,0.0,0.0,0.0,0.0,0.0,0.7692307692307689,0.07692307692307693,0.11538461538461539,0.0,0.0,0.0,0.0,0.038461538461538464,0.0,0.0,0.0,0.0,0.0
TACGGAGGATCCAAGCGTTATCCGGATTTATTGGGTTTAAAGGGTGCGTAGGCGGGAATATAAGTCAGTGGTGAAAGTCTGGCAGCTTAA(1),0.0,0.0,0.0,0.0,0.0,0.0,0.0,0.8125,0.0,0.125,0.0,0.0,0.0,0.0,0.0625,0.0,0.0,0.0,0.0,0.0
TACGAAGGGGGCTAGCGTTGTTCGGAATCACTGGGCGTAAAGCGCACGCAGGCGGATTGATAAGTCGGGGGTGAAATCCCGGGGCTCAAC(1),0.0,0.0,0.0,0.0,0.0,0.0,0.0,0.8200000000000004,0.04,0.1,0.0,0.02,0.02,0.0,0.0,0.0,0.0,0.0,0.0,0.0
CACGGGGGGAGCAAGCGTTGTTCGGAATCACTGGGCGTAAAGGGCGTGTAGGCGGTTGGGTAAGTGGGATGTGAAATGCCTCGGCTCACC(1),0.0,0.0,0.0,0.0,0.0,0.0,0.0,0.833333333333333,0.041666666666666664,0.08333333333333333,0.0,0.0,0.0,0.0,0.041666666666666664,0.0,0.0,0.0,0.0,0.0
AACGTAGGATCCGAGCGTTATCCGAATTCACTGGGCGTAAAGCGCATGCAGGCGGGCTGGTAAGTTGGATGTGAAATCTCCTGGCTCAAC(1),0.0,0.0,0.0,0.0,0.0,0.0,0.0,1.0000000000000004,0.0,0.0,0.0,0.0,0.0,0.0,0.0,0.0,0.0,0.0,0.0,0.0
TACAGAGGGTGCGAGCGTTAATCGGAATTACTGGGCGTAAAGCGCGCGTAGGCGGTTTTGTAAGTCGGATGTGAAAGCCCTGGGCTTAAC(1),0.0,0.0,0.0,0.0,0.0,0.0,0.0,1.0000000000000004,0.0,0.0,0.0,0.0,0.0,0.0,0.0,0.0,0.0,0.0,0.0,0.0
TACAGAGGTCACAAGCGTTATCCGGATTTATTGGGCGTAAAGCGTTTCGTAGGTGGGTTGGTAAGTTACCTTTCAAAGACTACGGCTCAA(1),0.0,0.0,0.0,0.0,0.0,0.0,0.0,1.0000000000000002,0.0,0.0,0.0,0.0,0.0,0.0,0.0,0.0,0.0,0.0,0.0,0.0
GACAGAGGGTGCAAACGTTGTTCGGAATTACTGGGCGTAAAGCGCGTGTAGGCTGCCTCGAAAGTCAGGTGTGAAATCCCTGGGCTCAAC(1),0.0,0.0,0.0,0.0,0.0,0.0,0.0,1.0000000000000002,0.0,0.0,0.0,0.0,0.0,0.0,0.0,0.0,0.0,0.0,0.0,0.0
TACGGAGGGTGCTAGCGTTGTTCGGAATTACTGGGCGTAAAGCGCGTGCAGGCGGTCGAGCAAGTCAGATGTGAAAGCCTTCCGCTTAAC(1),0.0,0.0,0.0,0.0,0.0,0.0,0.0,1.0000000000000002,0.0,0.0,0.0,0.0,0.0,0.0,0.0,0.0,0.0,0.0,0.0,0.0
AACGTAGGACACGAGCGTTATCCGGAGTTACTGGGCGTAAAGGGCGGGTAGGCGGACAGGCAAGTTGGCTGTGAAATCTCCCGGCTTAAC(1),0.0,0.0,0.0,0.0,0.0,0.0,0.0,1.0000000000000002,0.0,0.0,0.0,0.0,0.0,0.0,0.0,0.0,0.0,0.0,0.0,0.0
TACGTAGGATCCAAGCGTTGTCCGGATTTACTGGGTGTAAAGGGTGCGTAGGCGGACTTGTACGTCAGAGGTTAAATGTCACGGCTCAAC(1),0.0,0.0,0.0,0.0,0.0,0.0,0.0,0.9999999999999997,0.0,0.0,0.0,0.0,0.0,0.0,0.0,0.0,0.0,0.0,0.0,0.0
TACGGAGGATGCAAGCGTTATCCGGATTTATTAGGTTTAAAGGGTGTGTAGGCGGGATAATAAGTCAGTGGTGAAAGCCTACGGCTCAAC(1),0.0,0.0,0.0,0.0,0.0,0.0,0.0,1.0,0.0,0.0,0.0,0.0,0.0,0.0,0.0,0.0,0.0,0.0,0.0,0.0
AACGTAGGAGGCGAGCGTTATCCGGATTCACTGGGCGTAAAGCGCGTGCAGGTGGCGCGGTAAGTTGGGTGTGAAATCTCCCGGCTCAAC(1),0.0,0.0,0.0,0.0,0.0,0.0,0.0,0.9999999999999999,0.0,0.0,0.0,0.0,0.0,0.0,0.0,0.0,0.0,0.0,0.0,0.0
AACGTAGGAGGCGAGCGTTATCCGGATTCACTGGGCGTAAAGCGCGCGTAGGCGGTTTGTTTAGTCGGACGTGAAAGCCCCTGGCTCAAC(1),0.0,0.0,0.0,0.0,0.0,0.0,0.0,0.9999999999999999,0.0,0.0,0.0,0.0,0.0,0.0,0.0,0.0,0.0,0.0,0.0,0.0
TACAGAGGGTGCGAGCGTTAATCGGAGTTACTGGGCATAAAGGGCGCGTAGGCGGATATTTAAGTCGGATGTGAAATCCCTGGGCTTAAC(1),0.0,0.0,0.0,0.0,0.0,0.0,0.0,0.9999999999999999,0.0,0.0,0.0,0.0,0.0,0.0,0.0,0.0,0.0,0.0,0.0,0.0
TACAGAGGAGCCAAGCGTTGTCCGGATTGACTGGGCGTAAAGCGCACGCAGGCGGTGGGGCGCGTGGGGTGTGAAATCTGGCCGCTTAAC(1),0.0,0.0,0.0,0.0,0.0,0.0,0.0,0.8695652173913039,0.043478260869565216,0.043478260869565216,0.0,0.043478260869565216,0.0,0.0,0.0,0.0,0.0,0.0,0.0,0.0
TACGTAGGGGGCAAGCGTTATCCGGAATTATTGGGCGTAAAGAGTGCGTAGGTGGTTTCATAAGCGCGAGGTGAAAGGCAATGGCTCAAC(1),0.0,0.0,0.0,0.0,0.0,0.0,0.0,0.8888888888888892,0.05555555555555555,0.05555555555555555,0.0,0.0,0.0,0.0,0.0,0.0,0.0,0.0,0.0,0.0
GACGAAGGTGGCGAGCGTTACTCGGAATTACTAGGCGTAAAGCGTGGGCAGGCGGTTCGGTAAGTCTGTTGTGAAAGCTCCCGGCTCAAC(1),0.0,0.0,0.0,0.0,0.0,0.0,0.0,0.8723404255319152,0.0851063829787234,0.0425531914893617,0.0,0.0,0.0,0.0,0.0,0.0,0.0,0.0,0.0,0.0
AACGTAGGAGGCGAGCGTTATCCGGAGTTACTGGGCGTAAAGCGCGTGTAGGTGGCTGATTACGTCTGCTGTGAAAGCGCCCGGCTTAAC(1),0.0,0.0,0.0,0.0,0.0,0.0,0.0,0.8510638297872343,0.0851063829787234,0.0425531914893617,0.0,0.0,0.0,0.0,0.02127659574468085,0.0,0.0,0.0,0.0,0.0
TACGAGGGGGGCAAGCGTTGTTCGGAATTATTGGGCGTAAAGGGCGCGTAGGCGGTGTCGCAAGTCCGTGGTGAAATCTCTGGGCTCAAC(1),0.0,0.0,0.0,0.0,0.0,0.0,0.0,0.8749999999999997,0.08333333333333333,0.0,0.0,0.0,0.0,0.0,0.0,0.041666666666666664,0.0,0.0,0.0,0.0
TACAGAGGGTGCGAGCGTTAATCGGAATTACTGGGCGTAAAGCGTGCGTAGATGGTTATGTAAGTCGGATGTGAAAGCCCCGGGCTCAAC(1),0.05,0.0,0.0,0.0,0.0,0.0,0.0,0.9000000000000002,0.05,0.0,0.0,0.0,0.0,0.0,0.0,0.0,0.0,0.0,0.0,0.0
TACGGAAGGGGCTAGCGTTGTTCGGAATCACTGGGCGTAAAGCGCGCGTAGGCGGCTTGGCAAGTGCGGCGTGAAAGTCCTGGGCTCAAC(1),0.03225806451612903,0.0,0.0,0.0,0.0,0.0,0.0,0.9032258064516123,0.06451612903225806,0.0,0.0,0.0,0.0,0.0,0.0,0.0,0.0,0.0,0.0,0.0
TACGGGGGGGGCAAGCGTTGTTCGGAATTATTGGGCGTAAAGGGCGCGTAGGCGGTGCGGTAAGTCATCTGTGAAATCTCCCGGCTCAAC(1),0.0,0.015151515151515152,0.0,0.0,0.0,0.0,0.0,0.9090909090909084,0.06060606060606061,0.0,0.0,0.0,0.0,0.0,0.0,0.015151515151515152,0.0,0.0,0.0,0.0
TACGGAGGGTGCAAGCGTTGTTCGGAATTATTGGGCGTAAAGGGCGTGTAGGCGGGAAGATAGGTCGGGTGTGAAATCCCTTGGCTTAAC(1),0.0,0.0,0.0,0.0,0.0,0.0,0.0,0.7999999999999999,0.2,0.0,0.0,0.0,0.0,0.0,0.0,0.0,0.0,0.0,0.0,0.0
TACGTAGGGGGCAAGCGTTGTCCGGATTTACTGGGTGTAAAGGGCGCGTAGGCGGATTTGTAAGTCAGTGGTGAAATCCTGTAGCTTAAC(1),0.0,0.0,0.0,0.0,0.0,0.0,0.0,0.8333333333333334,0.16666666666666666,0.0,0.0,0.0,0.0,0.0,0.0,0.0,0.0,0.0,0.0,0.0
GACGGAGGAGGCTAGCGTTGTTCGGAATTACTGGGCGTAAAGCGCGCGCGGGCGGTTATGCAAGTCAGGGGTGAAAGCCCGAGGCTCAAC(1),0.0,0.0,0.0,0.0,0.0,0.0,0.0,0.8163265306122455,0.18367346938775508,0.0,0.0,0.0,0.0,0.0,0.0,0.0,0.0,0.0,0.0,0.0
TACAGAGGAGGCAAGCGTTGTTCGGAATCACTGGGCTTAAAGCGCGTGTAGGCGGCCATGCAAGTACTTTGTGAAATCCCTCGGCTCAAC(1),0.0,0.0,0.0,0.0,0.0,0.0,0.0,0.818181818181818,0.18181818181818182,0.0,0.0,0.0,0.0,0.0,0.0,0.0,0.0,0.0,0.0,0.0
CACGGGGGGAGCAAGCGTTGTTCGGAATCACTGGGCGTAAAGGGAGTCTAGGCGGTCAGATAAGTGGAATGTGAAATCCCTCGGCTTACC(1),0.0,0.0,0.0,0.0,0.0,0.0,0.0,0.8500000000000002,0.15000000000000002,0.0,0.0,0.0,0.0,0.0,0.0,0.0,0.0,0.0,0.0,0.0
TACGGAGGGTGCGAACGTTAATCGGAATCACTGGGCGTAAAGCGCGCGTAGGCGGTCCGTTAAGTGGGATGTGAAATCCCCGGGCTTAAC(1),0.0,0.0,0.0,0.0,0.0,0.0,0.0,0.8703703703703695,0.1111111111111111,0.0,0.0,0.018518518518518517,0.0,0.0,0.0,0.0,0.0,0.0,0.0,0.0
GACGTAGGGAGCGAGCGTTGTCCGGATTTACTGGGCGTAAAGGACGCGTAGGCGGTCCGCTAAGTGTGAAGTGAAATCTCCAGGGCTTAA(1),0.0,0.0,0.0,0.0,0.0,0.0,0.0,0.8666666666666666,0.13333333333333333,0.0,0.0,0.0,0.0,0.0,0.0,0.0,0.0,0.0,0.0,0.0
TACGGAGGTGGCTAACGTTGTTCGGATTCATTGGGTGTAAAGGGTGTGCAGGCGGTCTTGTAAGTCGAATGTGAAATCCTTTGGCTTAAC(1),0.0,0.0,0.0,0.0,0.0,0.0,0.0,0.9583333333333329,0.041666666666666664,0.0,0.0,0.0,0.0,0.0,0.0,0.0,0.0,0.0,0.0,0.0
TACGGAGGGTGCAAGCGTTGTTCGGATTCACTGGGTATAAAGGGTTCGTAGGCGGCCCTGTAAGTCAGAGGTGAAAGCTGCCGGCTCAAC(1),0.0,0.0,0.0,0.0,0.0,0.0,0.0,0.9318181818181813,0.06818181818181818,0.0,0.0,0.0,0.0,0.0,0.0,0.0,0.0,0.0,0.0,0.0
TACGGAGGGAGCAAGCGTTACTCGGAATTACTGGGCGTAAAGGGCGCGTAGGCGGTCTGGTAAGTCCCGTGTGAAATCCCCGGGCCTAAC(1),0.0,0.0,0.0,0.0,0.0,0.0,0.0,0.9354838709677413,0.06451612903225806,0.0,0.0,0.0,0.0,0.0,0.0,0.0,0.0,0.0,0.0,0.0
TACGGGGGGGGCGAGCGTTGTTCGGAATTACTGGGCGTAAAGGGCGCGTAGGCGGCCTGGGAAGTCTTGGGTGAAAGCCCCCGGCTCAAC(1),0.0,0.0,0.0,0.0,0.0,0.0,0.0,0.9344262295081974,0.06557377049180328,0.0,0.0,0.0,0.0,0.0,0.0,0.0,0.0,0.0,0.0,0.0
AACGTAGGAGGCGAGCGTTATCCGGATTTACTGGGCGTAAAGCGCACGCAGGTGGCTCTGCAAGTCGGACATGAAAGCTCCTGGCTTAAC(1),0.0,0.0,0.0,0.0,0.0,0.0,0.0,0.9400000000000005,0.06,0.0,0.0,0.0,0.0,0.0,0.0,0.0,0.0,0.0,0.0,0.0
CACCGGCGGCTCGAGTGGTAACCGTTATTATTGGGTCTAAAGGGTCTGTAGCCGGCTGGATAAGTCTCTTGGGAAATCTGGCCGCTCAAC(1),0.0,0.0,0.0,0.0,0.0,0.0,0.0,0.9444444444444448,0.05555555555555555,0.0,0.0,0.0,0.0,0.0,0.0,0.0,0.0,0.0,0.0,0.0
AACTAGCATCCCAAGTGGTAGTCGCGATTATTTGGCTTAAAGCGTCCGTAGTCGGGCCGTTTAGTCTTCTGTGAAATCCTACAGCTTAAC(1),0.0,0.0,0.0,0.0,0.0,0.0,0.0,0.9500000000000003,0.05,0.0,0.0,0.0,0.0,0.0,0.0,0.0,0.0,0.0,0.0,0.0
TACGTAGGATGCTAGCGTTGTCCGGATTTACTGGGTGTAAAGGGAGCGCAGGCGGGACGATAAGTCGGTGGTGAAATTCTCGGGCTTAAC(1),0.0,0.0,0.0,0.0,0.0,0.0,0.0,0.9473684210526312,0.05263157894736842,0.0,0.0,0.0,0.0,0.0,0.0,0.0,0.0,0.0,0.0,0.0
TACAGAGGGTGCAAGCGTTGTTCGGAATTACTGGGCGTAAAGCGCGCGCAGGCGGATCCTGTAAGTCGGAAGTGAAATCTCACCGCTCAA(1),0.0,0.0,0.0,0.0,0.0,0.0,0.0,0.8823529411764707,0.11764705882352941,0.0,0.0,0.0,0.0,0.0,0.0,0.0,0.0,0.0,0.0,0.0
AACGTAGGATCCGAGCGTTATCCGAATTCACTGGGCGTAAAGCGCGTGCAGGCGGTTCAGTAAGTTGGATGTGAAATCTCCTGGCTCAAC(1),0.0,0.0,0.0,0.0,0.0,0.0,0.0,0.8947368421052628,0.10526315789473684,0.0,0.0,0.0,0.0,0.0,0.0,0.0,0.0,0.0,0.0,0.0
GACGTAGGACGCAAGCGTTATCCGGATTCACTGGGCGTAAAGCGCCTGCAGGCGGTTTTGTAAGTTGGGTGTGAAAGCCCCGGGCTTAAC(1),0.0,0.0,0.0,0.0,0.0,0.0,0.0,0.9000000000000002,0.1,0.0,0.0,0.0,0.0,0.0,0.0,0.0,0.0,0.0,0.0,0.0
TACGTAGGGTCCAAGCGTTGTCCGGATTTACTGGGTGTAAAGGGTGCGTAGGCGGGCCTGTGCGTCAGAGGTTAAAGACATCGGCTTAAC(1),0.0,0.0,0.0,0.0,0.0,0.0,0.0,0.8999999999999999,0.1,0.0,0.0,0.0,0.0,0.0,0.0,0.0,0.0,0.0,0.0,0.0
TACAGAGGTCCCAAGCGTTGTTCGGATTCACTGGGCGTAAAGGGTGCGTAGGCGGCCGGGTAAGTCTGACGTGAAATCTCCGAGCCCAAC(1),0.0,0.0,0.0,0.0,0.0,0.0,0.0,0.8999999999999999,0.1,0.0,0.0,0.0,0.0,0.0,0.0,0.0,0.0,0.0,0.0,0.0
AACGTAGGAGGCGAGCGTTATCCGGATTCACTGGGCGTAAAGCGCGCGTAGGCGGTTGGTTAAGTCGGACGTGAAAGCCCCTGGCTCAAC(1),0.0,0.0,0.0,0.0,0.0,0.0,0.0,0.9074074074074064,0.09259259259259259,0.0,0.0,0.0,0.0,0.0,0.0,0.0,0.0,0.0,0.0,0.0
CCCCAGCGCCACGAGTGGGAACCACAATTATTTGGCCTAAAGCGTCCGTAGCTGGCTTTGTAAATCTTTTGTGAAATCGGAAAGCTTAAC(1),0.0,0.0,0.0,0.0,0.0,0.0,0.0,0.9142857142857145,0.08571428571428572,0.0,0.0,0.0,0.0,0.0,0.0,0.0,0.0,0.0,0.0,0.0
TACGTAGGGTGCGAGCGTTGTCCGGAATTACTGGGTGTAAAGGGTCCGCAGGCGGGCAGACAAGTCTTTGGTGAAATCTCACGGCTCAAC(1),0.0,0.0,0.0,0.0,0.0,0.0,0.0,0.9166666666666663,0.08333333333333333,0.0,0.0,0.0,0.0,0.0,0.0,0.0,0.0,0.0,0.0,0.0
GACGTAGGATGCGAGCGTTGTCCGGATTTATTGGGCGTAAAGAGTTCGTAGGTGGTTCATTAAGTCTGGTGTAAAAGACTGGGGCTCAAC(1),0.0,0.0,0.0,0.0,0.0,0.0,0.0,0.8000000000000004,0.15,0.025,0.0,0.0,0.0,0.0,0.025,0.0,0.0,0.0,0.0,0.0
TACGGAGGGTGCGAGCGTTGTCCGGAATCATTGGGCGTAAAGGGCGCGTAGGTGGCCCGGTCAGTCAGTGGTGAAAGCGCGGGGCTCAAC(1),0.0,0.0,0.015384615384615385,0.0,0.0,0.0,0.0,0.7999999999999989,0.13846153846153847,0.0,0.0,0.03076923076923077,0.0,0.0,0.015384615384615385,0.0,0.0,0.0,0.0,0.0
TACGTAGGGGGCGAGCGTTGTCCGGATTTACTGGGCGTAAAGAGCGCGTAGGCGGAAATTTAAGCGTGGCCTGAAAGCCCCCGGCTCAAC(1),0.0,0.0,0.0,0.0,0.0,0.0,0.0,0.411764705882353,0.35294117647058826,0.11764705882352941,0.0,0.0,0.058823529411764705,0.0,0.058823529411764705,0.0,0.0,0.0,0.0,0.0
TACGTAGGTGGCAAGCGATACTCGGAATCACTAGGCGTAAAGCGCAGGTAGGAGGTTTGGTAAGTCTGTTGTGAAAGCTCCCGGCTTAAC(1),0.0,0.0,0.0,0.0,0.0,0.05555555555555555,0.0,0.38888888888888895,0.44444444444444453,0.05555555555555555,0.0,0.0,0.0,0.0,0.05555555555555555,0.0,0.0,0.0,0.0,0.0
TACGGAGGGTGCGAGCGTTGTCCGGAATCACTGGGCGTAAAGGGCGCGTAGGCGGCGCGGGAAGTCAACGGTGAAAGCTTGGGGCTCAAC(1),0.0,0.0,0.0,0.0,0.0,0.1111111111111111,0.0,0.38888888888888895,0.5000000000000001,0.0,0.0,0.0,0.0,0.0,0.0,0.0,0.0,0.0,0.0,0.0
TACGGAGGGAGCTAGCGTTATTCGGAATTACTGGGCGTAAAGCGCACGTAGGCGGCTTTGTAAGTTAGAGGTGAAAGCCTGGAGCTCAAC(1),0.1254612546125462,0.007380073800738007,0.03690036900369003,0.0,0.014760147601476014,0.01845018450184502,0.044280442804428034,0.2472324723247235,0.13653136531365323,0.03321033210332103,0.0036900369003690036,0.10701107011070116,0.007380073800738007,0.11070110701107017,0.05535055350553504,0.05166051660516604,0.0,0.0,0.0,0.0
TACGTAGGGGGCTAGCGTTGTCCGGAATCATTGGGCGTAAAGCGCGCGTAGGCGGCCCGGTAAGTCCGCTCTGAAAGTCCAGGGCTCAAC(1),0.09259259259259259,0.0,0.018518518518518517,0.0,0.0,0.0,0.018518518518518517,0.2037037037037036,0.2870370370370368,0.07407407407407407,0.027777777777777776,0.12962962962962962,0.018518518518518517,0.05555555555555555,0.06481481481481481,0.009259259259259259,0.0,0.0,0.0,0.0
TACGTAGGTGGCGAGCGTTGTCCGGATTTACTGGGCGTAAAGAGCGCGCAGGCGGCTGGGCAAGTCCGATGTGAAAGCTTCCGGCTTAAC(1),0.058823529411764705,0.0,0.058823529411764705,0.058823529411764705,0.0,0.0,0.058823529411764705,0.23529411764705882,0.23529411764705882,0.058823529411764705,0.0,0.11764705882352941,0.0,0.058823529411764705,0.058823529411764705,0.0,0.0,0.0,0.0,0.0
TACGAAGGGGGCTAGCGTTGTTCGGAATTACTGGGCGTAAAGAGTTCGTAGGCGGTTTATTAAGCTAGATGTGAAATCCCTGAGCTTAAC(1),0.0,0.0,0.0,0.0,0.0,0.0,0.0,0.0,0.0,0.058823529411764705,0.11764705882352941,0.1764705882352941,0.1764705882352941,0.0,0.1764705882352941,0.29411764705882354,0.0,0.0,0.0,0.0
GACGAACCGTCCAAACGTTATTCGGAATTATTGGGCTTAAAGGGTGCGTAGGCTGTGCAGTAAGTTAGGTGTGAAATCCCTCGGCTCAAC(1),0.0,0.0,0.0,0.0,0.0,0.0,0.0,0.0,0.0,0.09090909090909091,0.0,0.18181818181818182,0.0,0.0,0.7272727272727274,0.0,0.0,0.0,0.0,0.0
TACGGAGGGCGCAAGCGTTAATCGGAATCACTGGGCGTAAAGCGTGCGTAGGCTGCTTGATAAGTCAGACGTGAAATCCCTCGGCTCAAC(1),0.0,0.0,0.0,0.0,0.0,0.0,0.0,0.0,0.0,0.0,0.0,0.09090909090909091,0.0,0.0,0.9090909090909093,0.0,0.0,0.0,0.0,0.0
TACGTAGGGCGCGAGCGTTGTCCGGATTTATTGGGCGTAAAGAGCTCGTAGGCCGTTCGGTAAGTCAGATGTGAAAACTCCAGGCTCAAC(1),0.0,0.0,0.0,0.0,0.0,0.0,0.0,0.0,0.0,0.0,0.0,0.0,0.0,0.0,1.0000000000000002,0.0,0.0,0.0,0.0,0.0
TACATAGGCACCAAGCGTTGTCCGGATTTATTGGGCGTAAAGAGCTCGTAGGCGGTTCAGTCAGTCGGGTGTGAAAACTCTGGGCTTAAC(1),0.0,0.0,0.0,0.0,0.0,0.0,0.0,0.0,0.0,0.0,0.0,0.0,0.12,0.0,0.68,0.2,0.0,0.0,0.0,0.0
GACGAAGGATGCAAGCGTTATCCGGATTCATTGGGTTTAAAGGGTGCGTAGGCGGCCCTGTAAGTCAGTGGTGAAATCCCTCCGCTTAAC(1),0.0,0.0,0.0,0.0,0.0,0.0,0.0,0.0,0.1,0.0,0.0,0.0,0.1,0.0,0.7999999999999999,0.0,0.0,0.0,0.0,0.0
TACGAAGGGTGCGAGCGTTGTTCGGAATTACTGGGCGTAAAGGGTTCGTAGGCGGGAATGCAAGTCAAGTGTGAAATCCCCAGGCTTAAC(1),0.0,0.0,0.0,0.0,0.0,0.0,0.0,0.0,0.0,0.0,0.0,0.125,0.125,0.0,0.4375,0.3125,0.0,0.0,0.0,0.0
TACAGAGGGTGCAAGCGTTATTCGGAATTACTGGGCATAAAGAGCGCGTAGGCGGTCTAATAAGTCTGATGTGAAATCCCTGGACTCAAT(1),0.0,0.0,0.0,0.0,0.0,0.0,0.04,0.0,0.0,0.0,0.04,0.04,0.12,0.0,0.7200000000000001,0.04,0.0,0.0,0.0,0.0
TACGAAGGGGGCTAGCGTTGTTCGGATTTACTGGGCGTAAAGCGCACGTAGGCGGATTTTTAAGTCAGAGGTGAAATCCCAAGGCTCAAC(1),0.0,0.0,0.0,0.0,0.0,0.0,0.0,0.0,0.0,0.0,0.0,0.023809523809523808,0.19047619047619047,0.0,0.7142857142857147,0.07142857142857142,0.0,0.0,0.0,0.0
TACGTAGGGTGCAAGCGTTAATCGGAATTACTGGGCGTAAAGCGTGCGCAGGCGGTTCGGAAAGAGAGGTGTGAAATCCCAGGGCTTAAC(1),0.0,0.0,0.011904761904761904,0.0,0.0,0.023809523809523808,0.0,0.0,0.0,0.0,0.011904761904761904,0.011904761904761904,0.2380952380952382,0.023809523809523808,0.5952380952380952,0.08333333333333333,0.0,0.0,0.0,0.0
TACGAACTGTGCGAACGTTATTCGGAATCACTGGGCTTAAAGGGTGCGTAGGCTGTTACCTAAGTCAGGTGTGAAATCTCTCGGCTCAAC(1),0.0,0.0,0.0,0.0,0.0,0.0,0.0,0.0,0.0,0.0,0.0,0.07692307692307693,0.23076923076923078,0.0,0.46153846153846156,0.23076923076923078,0.0,0.0,0.0,0.0
TACAGAGGATGCAAGCGTTATCCGGAATCACTGGGCATAAAGCGTCTGTAGGTTGCCTGCCAAGTCTGCTGTTAAAGATTAGGGCTTAAC(1),0.0,0.0,0.0,0.0,0.0,0.0,0.0,0.0,0.0,0.030303030303030304,0.0,0.030303030303030304,0.21212121212121213,0.0,0.5454545454545452,0.18181818181818182,0.0,0.0,0.0,0.0
GACAGAGGATGCAAGCGTTATCCGGAATGATTGGGCGTAAAGCGTCTGTAGGTGGCTTTTTAAGTCTGCCGTTAAATCCCAGGGCTTAAC(1),0.0,0.0,0.0,0.0,0.0,0.0,0.0,0.0,0.0,0.0,0.0,0.0625,0.0,0.875,0.0625,0.0,0.0,0.0,0.0,0.0
TACAGAGACTGCAAGCGTTACTCGGATTCACTGGGCGTAAAGGGAGCGCAGGCGGATTGGTGTGTCAGGCGTGAAATCCCAGGGCTTAAC(1),0.0,0.0,0.0,0.0,0.0,0.0,0.0,0.0,0.0,0.0,0.0,0.0,0.0,0.5384615384615385,0.46153846153846156,0.0,0.0,0.0,0.0,0.0
